id,label
25921,0
27512,0
26248,0
33204,0
6997,0
32920,0
11072,0
8866,0
13771,0
16832,0
14589,0
22822,0
12600,0
2173,0
14895,0
20738,0
15757,0
7647,0
8184,0
7745,0
2514,0
31223,0
34217,0
23465,0
508,0
12544,0
15800,0
5571,0
12248,0
32579,0
18361,0
5261,0
31501,0
25593,0
33637,0
28552,0
15041,0
27308,0
30007,0
30246,0
34073,0
23487,0
33107,0
9632,0
33819,0
18886,0
16399,0
26082,0
24602,0
9308,0
6288,0
8535,0
31224,0
24910,0
25212,0
13485,0
32897,0
16440,0
14046,0
10777,0
32963,0
19420,0
31136,0
5880,0
14185,0
3173,0
13495,0
32352,0
28689,0
26026,0
19253,0
14587,0
1267,0
19174,0
9377,0
25307,0
10845,0
25116,0
32752,0
33673,0
29303,0
15355,0
28326,0
31080,0
3797,0
1623,0
10939,0
24162,0
27261,0
17090,0
12955,0
7214,0
16065,0
8251,0
1844,0
14610,0
1023,0
344,0
22384,0
23887,0
28803,0
24365,0
19978,0
8559,0
10570,0
3925,0
7143,0
23367,0
16328,0
21505,0
12479,0
33718,0
5951,0
7519,0
4467,0
15360,0
11792,0
11958,0
26462,0
20361,0
9265,0
33535,0
33897,0
27172,0
1082,0
30222,0
22809,0
11308,0
14791,0
24617,0
30764,0
33396,0
12249,0
1695,0
4143,0
641,0
1731,0
29941,0
664,0
14833,0
31061,0
20078,0
17974,0
25766,0
7458,0
21318,0
5939,0
32666,0
30215,0
14604,0
1307,0
17694,0
14548,0
22753,0
4023,0
16356,0
3211,0
19647,0
29330,0
2894,0
22174,0
33289,0
9086,0
16176,0
10776,0
2454,0
3620,0
6852,0
34208,0
6807,0
28601,0
4682,0
30769,0
24605,0
13750,0
32852,0
9005,0
3587,0
17216,0
17291,0
21720,0
29168,0
32651,0
18312,0
6411,0
23403,0
13944,0
17170,0
4147,0
14441,0
18318,0
24472,0
25796,0
2959,0
24430,0
22867,0
31345,0
4917,0
20095,0
15852,0
19849,0
6040,0
29278,0
17303,0
25040,0
3371,0
8552,0
3428,0
6679,0
14630,0
18959,0
18577,0
7392,0
4548,0
4217,0
2055,0
28432,0
128,0
17178,0
5335,0
15492,0
9303,0
15669,0
21745,0
29699,0
11010,0
21626,0
10781,0
5185,0
20691,0
9787,0
30310,0
33533,0
4513,0
12070,0
24211,0
8237,0
9272,0
12396,0
21868,0
16087,0
17197,0
9638,0
2812,0
14466,0
18653,0
26360,0
29231,0
28355,0
15987,0
16917,0
17094,0
33044,0
32362,0
10333,0
6693,0
27866,0
10553,0
24124,0
31911,0
19162,0
21006,0
5493,0
20508,0
22394,0
6190,0
12886,0
11402,0
29040,0
27184,0
509,0
15543,0
13881,0
3144,0
12900,0
8891,0
33951,0
18133,0
24927,0
25065,0
29623,0
6677,0
28850,0
30247,0
32576,0
20379,0
1193,0
27236,0
11913,0
4354,0
25110,0
29425,0
7085,0
5117,0
30979,0
22208,0
3333,0
28175,0
5275,0
24572,0
34244,0
30902,0
29487,0
8451,0
27006,0
25096,0
3713,0
449,0
6247,0
19094,0
25782,0
30084,0
5356,0
27642,0
9650,0
22747,0
22083,0
23460,0
969,0
21274,0
16212,0
19674,0
6465,0
15321,0
3107,0
23762,0
7314,0
28783,0
34081,0
7265,0
3801,0
23631,0
8705,0
10329,0
19097,0
23115,0
20951,0
30712,0
31828,0
6008,0
16745,0
33256,0
603,0
27568,0
29365,0
21688,0
18018,0
23205,0
12582,0
17299,0
18905,0
464,0
16135,0
11094,0
5208,0
21102,0
18107,0
26732,0
8053,0
27032,0
24015,0
5622,0
7812,0
12431,0
23324,0
29655,0
16364,0
24224,0
17605,0
22036,0
11370,0
14652,0
18493,0
18500,0
15422,0
8203,0
10938,0
28075,0
31973,0
31429,0
1881,0
15291,0
7751,0
27500,0
19190,0
18348,0
7787,0
4778,0
22902,0
15656,0
9305,0
14043,0
1879,0
32480,0
16814,0
13037,0
366,0
14682,0
18726,0
14177,0
5720,0
27317,0
12727,0
15590,0
16862,0
776,0
26170,0
15664,0
31283,0
23983,0
19118,0
31881,0
9083,0
15167,0
30641,0
25894,0
24585,0
5432,0
18336,0
29479,0
29874,0
22323,0
8317,0
11070,0
25228,0
805,0
711,0
19742,0
23433,0
27143,0
10931,0
29619,0
21567,0
26788,0
5264,0
24846,0
16035,0
17782,0
12729,0
3977,0
27930,0
30471,0
18847,0
20756,0
17344,0
29352,0
11097,0
18908,0
11488,0
33857,0
21586,0
11617,0
16262,0
22385,0
25409,0
670,0
31629,0
21664,0
9148,0
15898,0
27349,0
30315,0
4559,0
1470,0
15348,0
13823,0
24254,0
22586,0
5529,0
2316,0
1781,0
18445,0
8853,0
15042,0
9349,0
11474,0
18731,0
14007,0
16241,0
18425,0
17032,0
10302,0
25018,0
5994,0
11978,0
18815,0
4420,0
11294,0
10823,0
19426,0
18012,0
19650,0
33812,0
24868,0
24554,0
32710,0
27801,0
14050,0
25352,0
27898,0
13390,0
19720,0
20002,0
18531,0
5441,0
24155,0
2765,0
29389,0
14142,0
17451,0
255,0
27243,0
17890,0
4600,0
5384,0
28319,0
11468,0
9733,0
33965,0
11683,0
9356,0
14878,0
2992,0
2254,0
26203,0
25202,0
20677,0
7719,0
18768,0
2952,0
8560,0
27294,0
7507,0
13251,0
25330,0
33580,0
13865,0
6326,0
31639,0
15193,0
33343,0
30290,0
26052,0
2681,0
1527,0
13860,0
28860,0
25246,0
30073,0
923,0
4538,0
10580,0
28418,0
14648,0
16987,0
23271,0
25824,0
13449,0
14085,0
1067,0
22765,0
19981,0
9412,0
28864,0
3024,0
10718,0
16526,0
5376,0
13570,0
2033,0
25433,0
27812,0
20116,0
26982,0
12146,0
28415,0
9573,0
15349,0
10872,0
1688,0
11431,0
8904,0
19295,0
5360,0
30854,0
26234,0
14782,0
5893,0
22741,0
13201,0
8101,0
13727,0
25879,0
31884,0
29522,0
2510,0
26978,0
10197,0
15984,0
32468,0
31686,0
5934,0
12180,0
5828,0
11644,0
14671,0
18555,0
24926,0
29828,0
12458,0
24508,0
22687,0
19629,0
6621,0
9339,0
10649,0
27665,0
32002,0
12147,0
9324,0
17334,0
32493,0
15747,0
14943,0
14204,0
30238,0
16581,0
32051,0
26791,0
397,0
16813,0
33372,0
26020,0
12564,0
10577,0
4655,0
3848,0
5933,0
20282,0
19710,0
12468,0
18911,0
11343,0
20212,0
30708,0
27367,0
15525,0
12293,0
10053,0
3240,0
22450,0
30399,0
12721,0
2218,0
8337,0
21575,0
20921,0
33113,0
26853,0
26928,0
15166,0
7663,0
1824,0
2158,0
29343,0
16160,0
16472,0
28723,0
11168,0
1048,0
20218,0
33464,0
33265,0
13920,0
32593,0
8507,0
16965,0
20715,0
21912,0
23898,0
19721,0
792,0
21229,0
19982,0
26428,0
31044,0
1076,0
5526,0
21222,0
27803,0
4094,0
21288,0
11592,0
26935,0
29112,0
22505,0
10970,0
19143,0
10201,0
8964,0
27989,0
8855,0
21572,0
15880,0
22298,0
3401,0
11282,0
10622,0
25045,0
18702,0
10579,0
28830,0
26064,0
13846,0
7769,0
23907,0
27952,0
7881,0
21069,0
9585,0
2607,0
28373,0
20857,0
9197,0
24128,0
4432,0
29777,0
2203,0
30976,0
28136,0
19729,0
9468,0
5560,0
21820,0
21618,0
357,0
24500,0
24750,0
12827,0
2719,0
7218,0
18273,0
23606,0
29747,0
16353,0
1588,0
12580,0
12586,0
7949,0
31625,0
3688,0
25924,0
22782,0
10756,0
21641,0
27981,0
20802,0
17962,0
7485,0
28050,0
8197,0
4610,0
28502,0
7241,0
31929,0
11728,0
10173,0
5789,0
31287,0
21955,0
18942,0
321,0
17995,0
7914,0
20161,0
24456,0
4090,0
4561,0
21848,0
23212,0
25183,0
31609,0
33687,0
28209,0
29981,0
14152,0
13409,0
18082,0
1385,0
12996,0
2615,0
16430,0
24923,0
15513,0
32728,0
2087,0
31467,0
2729,0
7920,0
9012,0
5851,0
19403,0
33261,0
25389,0
2665,0
5491,0
15436,0
17373,0
10646,0
31568,0
20345,0
30704,0
33273,0
27785,0
32829,0
19,0
4282,0
22727,0
31542,0
25086,0
8436,0
24893,0
9937,0
6096,0
23760,0
30894,0
3659,0
29860,0
2223,0
7374,0
33832,0
5312,0
23856,0
308,0
12857,0
7604,0
1185,0
79,0
28869,0
33562,0
28067,0
12984,0
3336,0
22754,0
23434,0
31540,0
16912,0
13611,0
16517,0
25608,0
30302,0
31925,0
20975,0
11548,0
29349,0
24856,0
32717,0
32426,0
28708,0
18423,0
17064,0
29123,0
17747,0
9833,0
20427,0
17061,0
24355,0
22813,0
2691,0
20167,0
10203,0
7569,0
31046,0
155,0
977,0
33402,0
26932,0
2930,0
28571,0
8657,0
27685,0
6477,0
14893,0
24210,0
3545,0
15350,0
9363,0
13772,0
17639,0
27480,0
24299,0
2530,0
33617,0
9442,0
5802,0
32832,0
21729,0
12516,0
26446,0
8634,0
16816,0
16373,0
25652,0
16618,0
20326,0
12109,0
3542,0
27910,0
33029,0
20055,0
6727,0
8773,0
8256,0
16014,0
5794,0
9002,0
16,0
10305,0
24752,0
19234,0
6869,0
26792,0
12567,0
25351,0
17282,0
25585,0
30729,0
18357,0
4870,0
30024,0
29273,0
9371,0
29183,0
24724,0
10815,0
16335,0
13634,0
10304,0
27302,0
19976,0
3551,0
3865,0
31123,0
1227,0
26260,0
30753,0
1325,0
28725,0
25997,0
13383,0
12788,0
10042,0
21063,0
12953,0
32701,0
6274,0
3608,0
24152,0
25690,0
17155,0
27529,0
15881,0
20067,0
13310,0
30225,0
23008,0
14227,0
22016,0
5825,0
5929,0
1899,0
20436,0
7840,0
27786,0
20720,0
13623,0
23725,0
6754,0
5134,0
5453,0
29918,0
5892,0
25708,0
29617,0
18118,0
26285,0
24371,0
18088,0
8825,0
15599,0
21830,0
22909,0
19583,0
23138,0
6751,0
26177,0
32302,0
16347,0
33455,0
22153,0
10432,0
28816,0
4657,0
8510,0
30464,0
21343,0
1085,0
2911,0
34234,0
8928,0
32221,0
12738,0
23110,0
13690,0
32991,0
9124,0
249,0
14148,0
6419,0
29804,0
31586,0
672,0
13713,0
31774,0
31988,0
18127,0
5373,0
24137,0
12693,0
7749,0
31209,0
27626,0
24565,0
20753,0
17362,0
11563,0
11197,0
12510,0
22270,0
13581,0
10463,0
14669,0
18529,0
19277,0
10021,0
33632,0
13277,0
6510,0
20418,0
33288,0
5316,0
17182,0
28302,0
10771,0
6144,0
33856,0
18194,0
24791,0
24433,0
4154,0
26857,0
15809,0
26931,0
2275,0
33209,0
1479,0
2414,0
25768,0
9724,0
12918,0
26894,0
3353,0
16239,0
8259,0
177,0
5981,0
19546,0
20549,0
19208,0
6331,0
2272,0
22660,0
30211,0
19148,0
22825,0
29010,0
7417,0
32103,0
30264,0
25617,0
10720,0
14931,0
3819,0
10698,0
8525,0
28498,0
28559,0
6725,0
4427,0
32807,0
33676,0
28739,0
7354,0
16605,0
11256,0
1683,0
26834,0
2106,0
11242,0
12231,0
16538,0
23935,0
4164,0
57,0
19093,0
10662,0
9784,0
3232,0
16503,0
26762,0
33988,0
14069,0
16450,0
14481,0
6669,0
33755,0
5033,0
5259,0
1552,0
380,0
23801,0
16171,0
25884,0
7904,0
16770,0
17469,0
18234,0
2733,0
15124,0
29074,0
1495,0
8587,0
6795,0
7006,0
15475,0
33156,0
342,0
7471,0
15770,0
29841,0
28617,0
29839,0
29696,0
4510,0
32466,0
30102,0
1945,0
18006,0
9078,0
17944,0
22182,0
3467,0
29098,0
3203,0
2782,0
16232,0
26054,0
18456,0
8568,0
6819,0
10163,0
6474,0
26868,0
7956,0
26921,0
8862,0
17780,0
26104,0
31274,0
7023,0
27692,0
14858,0
18701,0
28867,0
19651,0
4216,0
13922,0
17165,0
15400,0
20112,0
23602,0
3565,0
30010,0
12883,0
6607,0
2419,0
4728,0
9641,0
27348,0
18708,0
16367,0
20256,0
33067,0
24918,0
16507,0
11561,0
19450,0
14319,0
25244,0
3967,0
11741,0
19890,0
9659,0
10753,0
20163,0
2539,0
20429,0
8656,0
8821,0
12888,0
23333,0
25676,0
18026,0
7977,0
6862,0
27728,0
33989,0
33881,0
25337,0
21040,0
13815,0
4988,0
15089,0
25185,0
13617,0
13486,0
11737,0
24111,0
10780,0
9418,0
5071,0
13553,0
26284,0
20024,0
24050,0
28342,0
18405,0
29426,0
9565,0
27553,0
33246,0
21158,0
19181,0
17517,0
4960,0
20684,0
24990,0
21198,0
24372,0
22556,0
32531,0
32107,0
12016,0
24187,0
21093,0
17400,0
14720,0
2005,0
31820,0
23589,0
5925,0
26990,0
9187,0
16754,0
3536,0
15932,0
12488,0
2270,0
15602,0
20270,0
10190,0
18180,0
24119,0
9780,0
21123,0
14174,0
23096,0
875,0
12136,0
13550,0
55,0
33022,0
4620,0
10612,0
17709,0
2477,0
30198,0
3341,0
3975,0
16486,0
29818,0
19854,0
228,0
22888,0
33566,0
21723,0
1142,0
28199,0
14354,0
18775,0
18532,0
15128,0
12384,0
29990,0
21902,0
24694,0
33483,0
8126,0
27905,0
10531,0
16129,0
23018,0
5696,0
12393,0
12265,0
10891,0
31314,0
10744,0
32148,0
23526,0
22373,0
1674,0
8257,0
15272,0
23000,0
20149,0
27449,0
14885,0
638,0
21740,0
14076,0
31231,0
2811,0
24681,0
1550,0
12302,0
34160,0
18567,0
28687,0
653,0
25968,0
33307,0
6576,0
33798,0
28795,0
3846,0
26968,0
31040,0
4281,0
23988,0
1538,0
25162,0
25022,0
12701,0
24322,0
1207,0
1138,0
11408,0
565,0
31165,0
13668,0
6630,0
11163,0
3663,0
14810,0
16498,0
31860,0
14681,0
33741,0
6476,0
13394,0
32233,0
12030,0
7435,0
27623,0
17718,0
18618,0
3618,0
16865,0
26856,0
17693,0
7207,0
14981,0
15732,0
1574,0
30586,0
18578,0
19702,0
2109,0
7998,0
21633,0
20694,0
467,0
2369,0
18410,0
2244,0
9985,0
19346,0
24761,0
31551,0
1401,0
4804,0
28348,0
10091,0
6534,0
26348,0
24080,0
9878,0
7954,0
28318,0
8648,0
21064,0
21840,0
17073,0
17669,0
30978,0
15344,0
9094,0
16774,0
31990,0
31094,0
19091,0
2255,0
11687,0
10373,0
31384,0
10670,0
28837,0
19645,0
13848,0
4985,0
4705,0
632,0
19817,0
21452,0
20398,0
9696,0
22374,0
29286,0
31387,0
6575,0
22453,0
20841,0
1803,0
13097,0
33353,0
22519,0
33271,0
24952,0
13380,0
14880,0
12317,0
5757,0
22407,0
8882,0
27605,0
11299,0
23632,0
12804,0
3531,0
22138,0
2032,0
4384,0
28624,0
26904,0
22356,0
3813,0
9680,0
30940,0
32113,0
31322,0
32796,0
27664,0
18511,0
26315,0
16165,0
3826,0
12240,0
30359,0
17572,0
7924,0
21808,0
22565,0
5329,0
29154,0
8175,0
23839,0
21470,0
27272,0
10252,0
1628,0
2954,0
7365,0
16681,0
2075,0
14961,0
12340,0
1175,0
7722,0
21711,0
19707,0
15505,0
28027,0
15537,0
7907,0
6818,0
18419,0
15655,0
12892,0
21779,0
20726,0
15744,0
5031,0
15174,0
13747,0
22320,0
3319,0
33729,0
15832,0
30804,0
18586,0
1737,0
13963,0
33335,0
24811,0
543,0
8765,0
2698,0
24852,0
18418,0
3280,0
11270,0
31143,0
745,0
5171,0
1801,0
10602,0
23695,0
4785,0
3162,0
10079,0
30690,0
28776,0
8039,0
18786,0
31363,0
9293,0
33138,0
27977,0
3825,0
15501,0
7797,0
7404,0
18946,0
32023,0
21245,0
17258,0
10615,0
30553,0
26941,0
26477,0
5003,0
21034,0
12551,0
6395,0
15877,0
21238,0
18263,0
31284,0
28237,0
11754,0
7307,0
9424,0
23263,0
32126,0
24030,0
32291,0
2488,0
3571,0
11489,0
33320,0
8428,0
9115,0
14490,0
33342,0
19694,0
16050,0
18535,0
12732,0
8409,0
9299,0
20216,0
8767,0
4536,0
2187,0
1930,0
1866,0
24840,0
15779,0
4837,0
21363,0
26074,0
33823,0
4062,0
32067,0
21212,0
12417,0
569,0
9341,0
33250,0
25986,0
29501,0
18292,0
3439,0
33115,0
27159,0
14288,0
7363,0
18108,0
23825,0
18920,0
13064,0
5352,0
17826,0
31279,0
34060,0
29300,0
6488,0
20341,0
11267,0
33974,0
8435,0
14964,0
19789,0
23897,0
11864,0
13270,0
11334,0
29856,0
21066,0
15241,0
8410,0
14797,0
5798,0
265,0
180,0
32492,0
22217,0
31249,0
1768,0
27304,0
14377,0
30429,0
28387,0
14646,0
9127,0
26253,0
28810,0
12464,0
33717,0
19751,0
23870,0
19076,0
19299,0
30723,0
3856,0
8858,0
15013,0
31761,0
29119,0
2618,0
7017,0
19419,0
3166,0
7798,0
5844,0
14389,0
4579,0
1586,0
5442,0
9622,0
2906,0
31333,0
29873,0
21594,0
20748,0
22875,0
22220,0
7348,0
14898,0
34130,0
1425,0
27033,0
13230,0
28817,0
17221,0
19145,0
5463,0
23228,0
25198,0
4461,0
27208,0
22577,0
24097,0
17971,0
12328,0
16490,0
30058,0
17253,0
29866,0
16714,0
23492,0
21200,0
16973,0
3345,0
876,0
12535,0
9351,0
15707,0
9273,0
10274,0
33034,0
5919,0
10749,0
29850,0
24139,0
25254,0
13631,0
2057,0
26767,0
30665,0
5930,0
25387,0
14266,0
28507,0
27532,0
8396,0
13212,0
29980,0
5832,0
25965,0
29889,0
28423,0
27000,0
21875,0
4906,0
22290,0
16979,0
4532,0
11403,0
3300,0
20514,0
33290,0
23481,0
19861,0
20740,0
25923,0
2912,0
9262,0
9186,0
11507,0
26998,0
31801,0
15498,0
29951,0
8284,0
19365,0
18963,0
27436,0
17986,0
18319,0
27209,0
23795,0
17674,0
20509,0
22454,0
32153,0
429,0
9476,0
21661,0
22145,0
6573,0
375,0
13868,0
11540,0
480,0
13844,0
17110,0
29125,0
14302,0
6422,0
6502,0
14033,0
31320,0
5424,0
3160,0
13182,0
4928,0
11030,0
10528,0
30958,0
13680,0
1329,0
16884,0
28189,0
21117,0
2774,0
11202,0
4618,0
13606,0
256,0
6173,0
10303,0
11898,0
27090,0
33035,0
31339,0
24066,0
28377,0
6329,0
28120,0
10510,0
14507,0
13621,0
15306,0
20072,0
100,0
16391,0
4941,0
8364,0
11053,0
20528,0
1648,0
31341,0
25441,0
9053,0
2368,0
16610,0
26311,0
964,0
33364,0
1257,0
35,0
10569,0
12951,0
18550,0
28192,0
7853,0
9329,0
6357,0
31243,0
30135,0
23386,0
6627,0
5877,0
3060,0
3031,0
26971,0
26432,0
9345,0
22763,0
32038,0
10797,0
20498,0
22192,0
8452,0
24092,0
19619,0
24325,0
21124,0
5153,0
28777,0
1344,0
33409,0
28230,0
2835,0
2819,0
23784,0
21965,0
1963,0
13636,0
4554,0
28606,0
34142,0
28775,0
23900,0
32606,0
14663,0
13908,0
14347,0
23548,0
11717,0
18639,0
23258,0
4145,0
7221,0
8671,0
6379,0
6152,0
29240,0
7713,0
24471,0
10344,0
1053,0
6128,0
2966,0
10490,0
966,0
17891,0
1798,0
14800,0
20129,0
28668,0
29214,0
20685,0
14626,0
4315,0
28558,0
24708,0
2045,0
3290,0
28688,0
2024,0
31970,0
2155,0
24876,0
12756,0
28220,0
15606,0
24657,0
29448,0
10085,0
29029,0
29215,0
8696,0
22819,0
1457,0
10548,0
32471,0
15810,0
9238,0
33555,0
7128,0
21491,0
32043,0
9958,0
15840,0
5547,0
12462,0
18305,0
25604,0
5842,0
3117,0
9949,0
9264,0
24766,0
13275,0
1571,0
517,0
16120,0
7387,0
2078,0
5576,0
5311,0
9657,0
9853,0
28735,0
3481,0
7154,0
12609,0
17490,0
3947,0
21287,0
3443,0
12149,0
12798,0
9824,0
28486,0
7273,0
1947,0
9924,0
21341,0
12565,0
28104,0
10248,0
9557,0
23318,0
32986,0
563,0
18607,0
8095,0
20631,0
34141,0
16474,0
23239,0
4055,0
18729,0
13873,0
7465,0
5059,0
25112,0
25197,0
13003,0
28831,0
26145,0
27980,0
28188,0
21590,0
12957,0
18783,0
15258,0
32600,0
31432,0
15112,0
32392,0
25686,0
17897,0
33492,0
16560,0
5256,0
32907,0
21234,0
422,0
32456,0
18362,0
9845,0
14982,0
25245,0
8887,0
3127,0
26100,0
25490,0
33986,0
14189,0
27289,0
4824,0
3563,0
5812,0
5881,0
11776,0
2285,0
6697,0
8326,0
32571,0
16773,0
11804,0
3382,0
27784,0
31618,0
21988,0
6396,0
9004,0
13333,0
20027,0
10526,0
12044,0
5375,0
10786,0
13397,0
27755,0
10225,0
23079,0
15611,0
22894,0
19431,0
5337,0
4103,0
20881,0
11490,0
32591,0
13180,0
26604,0
5982,0
14596,0
28633,0
1996,0
10283,0
2243,0
5662,0
3725,0
28823,0
4277,0
29000,0
18414,0
13992,0
12319,0
27964,0
27454,0
16304,0
2135,0
11865,0
14952,0
25777,0
6664,0
18488,0
33472,0
9566,0
7251,0
32604,0
33018,0
11781,0
17871,0
15561,0
14191,0
24213,0
13392,0
13130,0
32479,0
2096,0
15834,0
17307,0
23946,0
1275,0
19511,0
26010,0
20291,0
15631,0
16584,0
3052,0
12908,0
21425,0
24550,0
34046,0
6373,0
2600,0
24164,0
14005,0
3958,0
1739,0
602,0
34243,0
5362,0
21330,0
1449,0
22735,0
1607,0
31444,0
4026,0
31289,0
4626,0
11480,0
30782,0
22567,0
1908,0
15916,0
12647,0
33216,0
12575,0
28964,0
18267,0
11679,0
4414,0
32019,0
6762,0
24059,0
7078,0
13896,0
3223,0
27986,0
14286,0
6302,0
26636,0
2130,0
206,0
13370,0
1030,0
12846,0
10265,0
25476,0
26184,0
26277,0
20555,0
24598,0
12268,0
14901,0
24051,0
32916,0
2097,0
8400,0
10336,0
22557,0
2395,0
6,0
14388,0
33754,0
29994,0
3130,0
12854,0
12653,0
5494,0
13163,0
2690,0
30702,0
21890,0
12125,0
26840,0
7077,0
18932,0
13600,0
21284,0
21975,0
3950,0
23218,0
18112,0
1707,0
24095,0
817,0
24775,0
30197,0
23240,0
6181,0
32899,0
30286,0
1305,0
12852,0
11419,0
4802,0
32685,0
15458,0
29367,0
7971,0
9223,0
8736,0
3209,0
27384,0
2494,0
15396,0
25518,0
23729,0
29293,0
14549,0
1349,0
31798,0
436,0
33264,0
13845,0
19766,0
8354,0
25074,0
19668,0
9877,0
17652,0
4713,0
33361,0
5719,0
14329,0
10851,0
5214,0
25242,0
32484,0
32670,0
25959,0
21658,0
7424,0
23905,0
15758,0
13430,0
29255,0
1043,0
5195,0
28391,0
28896,0
9247,0
25418,0
7606,0
18115,0
13013,0
457,0
11095,0
22228,0
1240,0
5879,0
10630,0
4891,0
17015,0
16673,0
1518,0
23194,0
29369,0
13610,0
31838,0
34107,0
16482,0
21047,0
16954,0
20533,0
20285,0
13238,0
31466,0
27695,0
15503,0
20541,0
2449,0
3321,0
23516,0
22568,0
16157,0
21308,0
32947,0
22583,0
19280,0
9542,0
23659,0
11841,0
17875,0
9977,0
33688,0
7856,0
4025,0
12477,0
20187,0
18424,0
13741,0
26291,0
19354,0
11659,0
2689,0
31626,0
10774,0
27533,0
33553,0
28026,0
28112,0
31159,0
6655,0
28029,0
22251,0
15246,0
8097,0
15389,0
16179,0
14976,0
23471,0
8173,0
7816,0
21448,0
21827,0
18282,0
1887,0
18042,0
12773,0
7410,0
5647,0
25537,0
16249,0
15072,0
29926,0
22762,0
11341,0
3050,0
25765,0
32225,0
6873,0
3487,0
13601,0
13900,0
19911,0
25385,0
3922,0
10012,0
30262,0
15694,0
18669,0
11770,0
19528,0
4114,0
33918,0
3677,0
9944,0
10735,0
30373,0
24393,0
18773,0
8804,0
1633,0
30887,0
5878,0
25852,0
24986,0
21122,0
16882,0
27579,0
16317,0
30345,0
4100,0
31834,0
9861,0
33397,0
29470,0
12933,0
4514,0
31412,0
28632,0
3431,0
21007,0
6903,0
9754,0
507,0
12019,0
7069,0
19475,0
11183,0
18496,0
8593,0
7552,0
12916,0
17119,0
13298,0
34040,0
4890,0
1469,0
32206,0
5370,0
3687,0
32983,0
20544,0
23792,0
18765,0
24632,0
7774,0
31365,0
22488,0
8079,0
34017,0
16069,0
8345,0
16935,0
17720,0
26654,0
34023,0
24408,0
19780,0
29853,0
3314,0
24959,0
5271,0
8524,0
16027,0
3140,0
2763,0
29660,0
30114,0
25076,0
16404,0
23849,0
14283,0
14506,0
3393,0
8077,0
7867,0
22864,0
24256,0
14741,0
27999,0
16793,0
25904,0
13501,0
12183,0
24592,0
24041,0
19264,0
33314,0
32047,0
16015,0
13463,0
11823,0
26870,0
29756,0
28160,0
27937,0
11086,0
19126,0
2193,0
27774,0
8708,0
15805,0
18498,0
11000,0
28337,0
11863,0
2302,0
23447,0
15675,0
5315,0
21183,0
17013,0
20057,0
1194,0
31500,0
12416,0
15754,0
11429,0
27834,0
4443,0
29038,0
9459,0
31128,0
19312,0
6286,0
12712,0
30928,0
24205,0
2750,0
33457,0
33297,0
11571,0
28749,0
30279,0
32234,0
21188,0
26728,0
16235,0
31622,0
10307,0
3912,0
3346,0
599,0
4422,0
7037,0
25067,0
26471,0
20251,0
33805,0
2222,0
22990,0
21544,0
4099,0
3802,0
23268,0
8426,0
5661,0
13736,0
335,0
13289,0
23302,0
32553,0
6884,0
28058,0
27347,0
27638,0
28612,0
20883,0
18839,0
22146,0
31003,0
16866,0
10270,0
7825,0
1957,0
18396,0
33902,0
13752,0
17844,0
23030,0
1201,0
1953,0
29166,0
32724,0
31171,0
16975,0
24190,0
30494,0
24375,0
14994,0
24609,0
16152,0
21931,0
24573,0
19260,0
20634,0
23607,0
15929,0
28674,0
15192,0
33233,0
21619,0
22489,0
5559,0
16688,0
25325,0
1096,0
12975,0
9534,0
24179,0
19391,0
26068,0
27368,0
2451,0
1789,0
16094,0
32304,0
22389,0
33785,0
14785,0
8723,0
16096,0
5187,0
21297,0
25099,0
12508,0
9331,0
19201,0
13782,0
32295,0
14192,0
6005,0
11736,0
27369,0
20537,0
24940,0
15463,0
12491,0
9984,0
20076,0
12546,0
10996,0
5014,0
5884,0
15592,0
13682,0
18510,0
20941,0
21430,0
13110,0
2144,0
18036,0
8808,0
19973,0
32843,0
21037,0
2521,0
5746,0
3599,0
32970,0
29220,0
5231,0
3891,0
17053,0
26310,0
26204,0
3657,0
778,0
26482,0
16141,0
21378,0
26993,0
33943,0
5446,0
18033,0
18248,0
15310,0
15479,0
5363,0
17930,0
8114,0
24715,0
16729,0
18879,0
18658,0
28701,0
22808,0
16874,0
5324,0
23136,0
7807,0
595,0
954,0
20311,0
28169,0
16798,0
28745,0
29217,0
4921,0
13352,0
11180,0
4565,0
15736,0
4720,0
34218,0
18832,0
31472,0
21271,0
30838,0
17659,0
9811,0
14916,0
6487,0
10168,0
852,0
23339,0
14128,0
17097,0
30557,0
20162,0
28394,0
22114,0
11960,0
29295,0
21281,0
13432,0
28886,0
23553,0
2926,0
33579,0
14730,0
879,0
33456,0
23260,0
4810,0
13850,0
34043,0
12253,0
18589,0
12596,0
28835,0
23038,0
13362,0
12502,0
16457,0
8321,0
13061,0
29410,0
18715,0
5918,0
21602,0
4019,0
9062,0
17429,0
15600,0
2720,0
2933,0
7983,0
9185,0
5498,0
28936,0
14080,0
26249,0
32769,0
29507,0
7636,0
16295,0
21703,0
14381,0
5007,0
20871,0
2634,0
19002,0
25148,0
32766,0
27766,0
26347,0
7640,0
22404,0
10682,0
11123,0
15598,0
8194,0
4221,0
17264,0
32069,0
33536,0
11843,0
13405,0
5562,0
16411,0
16826,0
28845,0
11407,0
28501,0
6372,0
67,0
554,0
7390,0
17448,0
17643,0
30156,0
27556,0
10811,0
29427,0
30291,0
32620,0
14058,0
23349,0
7989,0
15841,0
5065,0
28512,0
15088,0
18429,0
14811,0
29973,0
32183,0
22622,0
31256,0
26075,0
23426,0
22033,0
20899,0
13543,0
32100,0
8848,0
3670,0
5162,0
21790,0
14759,0
5152,0
21461,0
942,0
27576,0
654,0
24570,0
14489,0
2569,0
13325,0
19195,0
6657,0
32763,0
18322,0
18408,0
20359,0
12264,0
25054,0
3746,0
14965,0
5808,0
28499,0
8,0
10805,0
27080,0
25265,0
31366,0
27799,0
30296,0
32976,0
21903,0
19494,0
25151,0
1141,0
24677,0
1064,0
23080,0
2377,0
12901,0
21694,0
1403,0
10520,0
28233,0
20133,0
22702,0
19920,0
27949,0
16211,0
29952,0
9726,0
22276,0
10658,0
3614,0
6797,0
29296,0
18296,0
3121,0
11655,0
13613,0
619,0
6168,0
31799,0
13820,0
21205,0
4181,0
21556,0
33080,0
31923,0
3142,0
20722,0
3009,0
24192,0
14025,0
17649,0
29545,0
24998,0
21834,0
6033,0
10625,0
5564,0
2565,0
7770,0
8096,0
1661,0
29865,0
29132,0
11709,0
15651,0
27961,0
4297,0
30219,0
21089,0
26549,0
5306,0
14112,0
15077,0
5427,0
2831,0
23858,0
31024,0
12791,0
3323,0
24362,0
19034,0
26655,0
12080,0
5657,0
26756,0
917,0
25937,0
10158,0
318,0
18022,0
34054,0
16575,0
13530,0
7335,0
26270,0
13407,0
23002,0
26944,0
26575,0
19882,0
14793,0
26517,0
17545,0
8967,0
16510,0
19436,0
33385,0
11424,0
28671,0
32216,0
33985,0
32489,0
17642,0
1293,0
2979,0
8919,0
26970,0
12178,0
9522,0
11868,0
225,0
23441,0
3889,0
30172,0
8469,0
7820,0
4863,0
2448,0
24249,0
17098,0
22423,0
30874,0
23925,0
26486,0
25912,0
16533,0
14742,0
21859,0
11789,0
32152,0
26057,0
20574,0
4400,0
6407,0
5285,0
8134,0
11790,0
18792,0
32713,0
13017,0
32702,0
7763,0
26727,0
28974,0
20521,0
9852,0
11616,0
7612,0
17478,0
12548,0
32673,0
25500,0
3217,0
23102,0
4966,0
17873,0
2171,0
26278,0
2296,0
9001,0
25737,0
32696,0
16046,0
14171,0
10171,0
2538,0
26637,0
28061,0
23193,0
5221,0
14675,0
2149,0
27739,0
19897,0
15229,0
29167,0
27925,0
30342,0
34138,0
13499,0
30051,0
23050,0
30175,0
30349,0
11961,0
24131,0
7194,0
2936,0
24243,0
33513,0
28106,0
30532,0
8063,0
21518,0
738,0
1074,0
1991,0
32867,0
3875,0
31416,0
3736,0
26441,0
2736,0
17312,0
2654,0
28431,0
21522,0
17910,0
34140,0
19095,0
19573,0
26735,0
20033,0
7574,0
9678,0
18246,0
8153,0
365,0
24756,0
15791,0
28641,0
25720,0
31591,0
6215,0
30352,0
8518,0
1837,0
11982,0
11091,0
20825,0
21136,0
19990,0
12287,0
1761,0
28419,0
989,0
2576,0
7203,0
20036,0
6261,0
27814,0
33065,0
6175,0
15899,0
31454,0
27017,0
33333,0
31706,0
31734,0
2361,0
31825,0
5232,0
4875,0
7319,0
11223,0
2016,0
21109,0
26298,0
19514,0
18575,0
8894,0
33884,0
27829,0
21060,0
15638,0
33649,0
25722,0
27577,0
19020,0
21267,0
21691,0
12492,0
22638,0
6365,0
16607,0
25645,0
10672,0
12145,0
13790,0
18278,0
17820,0
32838,0
4544,0
25189,0
16794,0
590,0
25062,0
32888,0
31721,0
3673,0
27662,0
7829,0
9839,0
17272,0
15207,0
27424,0
34010,0
2409,0
26452,0
10429,0
11200,0
12000,0
21791,0
20985,0
28422,0
207,0
24020,0
11885,0
22331,0
26841,0
27654,0
18330,0
9022,0
8137,0
3148,0
28710,0
31104,0
32697,0
30559,0
30212,0
31549,0
3077,0
786,0
23124,0
8341,0
12333,0
18468,0
3271,0
23383,0
17865,0
6813,0
15470,0
23161,0
19496,0
5530,0
23851,0
31359,0
28213,0
4014,0
25723,0
29872,0
28854,0
20409,0
15382,0
7370,0
303,0
25264,0
9059,0
19695,0
31787,0
33473,0
28959,0
16804,0
31627,0
22780,0
33930,0
25702,0
3514,0
5786,0
3762,0
19712,0
260,0
21712,0
5099,0
14004,0
17967,0
25347,0
21530,0
13925,0
25942,0
18028,0
10946,0
26601,0
28263,0
33283,0
27995,0
28707,0
34241,0
18808,0
21021,0
32268,0
25930,0
8590,0
21757,0
21952,0
81,0
26386,0
1061,0
22767,0
19636,0
21860,0
19984,0
20028,0
30747,0
23655,0
9774,0
5183,0
33293,0
26877,0
31400,0
22474,0
13962,0
6081,0
22744,0
17402,0
16371,0
6568,0
23833,0
29251,0
22683,0
1590,0
33441,0
22195,0
32590,0
14700,0
17756,0
4511,0
33187,0
28303,0
1436,0
18354,0
31691,0
8899,0
3159,0
21774,0
3075,0
21978,0
7171,0
33390,0
21494,0
12630,0
24145,0
25611,0
19786,0
4591,0
24684,0
34190,0
24010,0
5333,0
28732,0
1984,0
21909,0
12434,0
27122,0
17835,0
21103,0
10335,0
33447,0
24194,0
7479,0
29788,0
13042,0
1235,0
27839,0
11417,0
21315,0
24597,0
19128,0
24807,0
9420,0
8576,0
18526,0
29219,0
170,0
10975,0
11993,0
29282,0
4084,0
2113,0
4916,0
18725,0
571,0
20186,0
31597,0
6821,0
22077,0
13354,0
12430,0
28799,0
19495,0
5236,0
24031,0
10501,0
27548,0
15094,0
16586,0
3199,0
27266,0
5883,0
26076,0
10296,0
8732,0
15722,0
13509,0
23294,0
26962,0
30710,0
33543,0
9530,0
14404,0
24440,0
20089,0
26838,0
11130,0
7927,0
26354,0
28806,0
11241,0
22937,0
14400,0
1975,0
637,0
2574,0
32565,0
24158,0
30216,0
24370,0
17462,0
25120,0
657,0
3115,0
6026,0
27026,0
14812,0
15153,0
26568,0
29770,0
21135,0
23097,0
32264,0
24850,0
3234,0
14712,0
18703,0
19513,0
529,0
8704,0
10949,0
3416,0
21235,0
10416,0
9334,0
1291,0
2876,0
7651,0
4723,0
3557,0
18138,0
25066,0
1886,0
7322,0
8934,0
7215,0
31095,0
29594,0
20023,0
26896,0
1398,0
12189,0
9160,0
26579,0
33486,0
21345,0
626,0
11820,0
24198,0
18129,0
10118,0
18584,0
7408,0
1626,0
8277,0
33625,0
18874,0
7022,0
11706,0
21947,0
10352,0
5128,0
2297,0
11225,0
16024,0
22841,0
23573,0
25222,0
29307,0
18787,0
11829,0
761,0
10125,0
18329,0
90,0
20068,0
14973,0
13366,0
28184,0
4201,0
6054,0
582,0
12598,0
121,0
713,0
718,0
24498,0
7423,0
12401,0
4234,0
9453,0
32280,0
970,0
33883,0
6867,0
34018,0
23827,0
33841,0
12706,0
19859,0
3460,0
29840,0
29191,0
24963,0
8604,0
32075,0
18975,0
8230,0
25470,0
32118,0
13091,0
29598,0
5367,0
592,0
19624,0
15146,0
4327,0
13265,0
19793,0
11328,0
8701,0
33909,0
28650,0
6602,0
1834,0
27800,0
10220,0
7403,0
28883,0
8528,0
7250,0
16075,0
7681,0
12015,0
23610,0
16880,0
26680,0
26623,0
1918,0
12867,0
28584,0
30897,0
32197,0
33356,0
21682,0
7849,0
12499,0
7053,0
21462,0
1681,0
20854,0
32652,0
13162,0
7765,0
1799,0
21232,0
13809,0
15243,0
19820,0
28251,0
2881,0
12649,0
8714,0
6644,0
19031,0
8159,0
27171,0
3073,0
25886,0
246,0
12379,0
33360,0
18053,0
12227,0
28401,0
30376,0
16501,0
5943,0
23207,0
26888,0
10978,0
8232,0
18343,0
19302,0
34089,0
19949,0
26814,0
11377,0
24481,0
33835,0
20214,0
30056,0
25107,0
9480,0
33694,0
1525,0
3442,0
2181,0
15394,0
25219,0
5946,0
30884,0
27200,0
21300,0
26535,0
29832,0
29557,0
9358,0
9139,0
27590,0
719,0
8198,0
13228,0
31076,0
31907,0
6238,0
27081,0
33237,0
26408,0
31987,0
19362,0
13722,0
16402,0
2837,0
6080,0
21219,0
11534,0
13615,0
26246,0
1156,0
21261,0
4911,0
22679,0
14386,0
11185,0
26167,0
22839,0
33170,0
5347,0
10574,0
22348,0
30203,0
32738,0
5194,0
3646,0
30741,0
18402,0
17636,0
6482,0
30963,0
15861,0
22944,0
31756,0
33031,0
20088,0
23213,0
10589,0
15293,0
29651,0
11555,0
18951,0
20337,0
6300,0
2605,0
17066,0
26724,0
60,0
26747,0
33959,0
14443,0
6374,0
20940,0
14780,0
6928,0
12678,0
28656,0
6885,0
27770,0
5470,0
31371,0
33501,0
6347,0
11979,0
31827,0
1388,0
27551,0
1896,0
33506,0
24841,0
7839,0
17370,0
20843,0
14096,0
11253,0
25295,0
16632,0
12545,0
6224,0
6377,0
15622,0
20222,0
21397,0
26034,0
23638,0
16506,0
9031,0
24023,0
14619,0
20593,0
13489,0
33247,0
133,0
1541,0
22728,0
33120,0
10351,0
23197,0
20315,0
5634,0
27679,0
16068,0
2118,0
27056,0
31521,0
1605,0
19105,0
31633,0
23127,0
1286,0
9857,0
20189,0
31392,0
1229,0
10192,0
20049,0
13438,0
13821,0
32811,0
31280,0
3112,0
31245,0
23736,0
32779,0
1691,0
30833,0
19477,0
14285,0
32091,0
11951,0
28541,0
19677,0
33896,0
3413,0
15998,0
22063,0
516,0
28424,0
32880,0
5438,0
31580,0
27549,0
29843,0
26547,0
27077,0
9311,0
6878,0
19679,0
10627,0
32428,0
12763,0
22361,0
32508,0
9256,0
28275,0
13754,0
26218,0
13252,0
15375,0
2347,0
23496,0
11491,0
31583,0
16518,0
19269,0
5190,0
1700,0
10104,0
15788,0
31951,0
33827,0
12342,0
18821,0
31267,0
17376,0
13386,0
4391,0
14673,0
5262,0
21686,0
14203,0
471,0
18002,0
4716,0
16898,0
3332,0
33611,0
19247,0
19827,0
7133,0
4332,0
20048,0
3193,0
2084,0
25905,0
3101,0
16108,0
23987,0
23783,0
28238,0
402,0
21534,0
26822,0
18860,0
19147,0
18837,0
33173,0
29473,0
22124,0
30705,0
12946,0
19787,0
10587,0
24123,0
25650,0
12139,0
10852,0
1788,0
5747,0
1848,0
8465,0
11310,0
7660,0
8414,0
24754,0
10732,0
28623,0
29531,0
6922,0
19703,0
7062,0
26175,0
26795,0
20279,0
18619,0
684,0
5805,0
19158,0
10309,0
18034,0
1007,0
22358,0
29495,0
28543,0
10837,0
23417,0
18294,0
23154,0
13895,0
19566,0
16195,0
24450,0
28017,0
12028,0
22530,0
6458,0
33488,0
33432,0
16156,0
29512,0
28147,0
29755,0
16548,0
9342,0
14077,0
20376,0
17395,0
22259,0
2427,0
31835,0
22559,0
2749,0
16226,0
15139,0
23186,0
25746,0
7505,0
34148,0
23019,0
26614,0
3135,0
15428,0
26501,0
20292,0
33849,0
25509,0
19288,0
31867,0
28996,0
18645,0
16159,0
6399,0
29633,0
31576,0
15332,0
20522,0
32215,0
28741,0
2816,0
7676,0
27597,0
31971,0
18279,0
15404,0
8030,0
24247,0
22620,0
16969,0
19529,0
12527,0
17810,0
7373,0
19834,0
24177,0
82,0
26115,0
8809,0
1321,0
1736,0
27280,0
20608,0
22955,0
15078,0
11800,0
24802,0
16397,0
11396,0
10914,0
34154,0
4541,0
6209,0
19054,0
18173,0
15994,0
7803,0
25174,0
12658,0
23490,0
5926,0
10377,0
32988,0
25903,0
10278,0
16181,0
27611,0
5355,0
1054,0
25119,0
16914,0
29971,0
21426,0
12778,0
7530,0
16695,0
1990,0
25049,0
28379,0
28406,0
16143,0
32188,0
7008,0
11593,0
18923,0
30853,0
5408,0
28616,0
2794,0
5276,0
28296,0
2459,0
6341,0
29538,0
23986,0
9871,0
8744,0
28343,0
4252,0
5595,0
19221,0
31816,0
27893,0
15974,0
9788,0
27060,0
6028,0
34048,0
21253,0
7324,0
9840,0
28210,0
7393,0
27718,0
22056,0
9491,0
27756,0
25819,0
21380,0
7697,0
16381,0
23388,0
25922,0
29700,0
30110,0
3509,0
8993,0
15048,0
4542,0
17823,0
33027,0
29095,0
7209,0
13447,0
19375,0
22603,0
6201,0
17284,0
13257,0
31673,0
19271,0
28614,0
31290,0
31594,0
22832,0
16193,0
23415,0
22922,0
551,0
23980,0
27239,0
16777,0
28935,0
7375,0
17004,0
19459,0
34101,0
25329,0
11568,0
23650,0
17550,0
21972,0
24360,0
14872,0
33792,0
3228,0
28051,0
1256,0
12700,0
18314,0
17366,0
5397,0
21532,0
14065,0
25755,0
22943,0
622,0
17712,0
9914,0
12305,0
20169,0
24351,0
1338,0
25673,0
17337,0
16013,0
828,0
7639,0
5695,0
18643,0
22219,0
25453,0
10787,0
22711,0
16583,0
4506,0
30418,0
33316,0
23623,0
6268,0
15474,0
2804,0
15282,0
5628,0
33367,0
4597,0
31640,0
15564,0
6284,0
9199,0
14955,0
4711,0
30055,0
13545,0
5875,0
17077,0
23901,0
19644,0
5434,0
6544,0
5962,0
24670,0
14496,0
12588,0
4434,0
21418,0
16940,0
15213,0
20093,0
5299,0
20632,0
8387,0
19794,0
22106,0
15740,0
30862,0
11643,0
18501,0
15277,0
8394,0
11598,0
31900,0
32334,0
13813,0
27564,0
11612,0
21445,0
26772,0
31663,0
34155,0
26383,0
17537,0
650,0
17195,0
32380,0
14653,0
13122,0
2903,0
25957,0
21874,0
26171,0
25778,0
24423,0
33122,0
27121,0
19389,0
15205,0
31877,0
9203,0
10247,0
17906,0
26751,0
2080,0
2525,0
17658,0
4304,0
24767,0
9736,0
14024,0
10803,0
23220,0
9606,0
29721,0
30768,0
31548,0
25558,0
12774,0
34247,0
23855,0
13632,0
11375,0
7855,0
20470,0
2189,0
21396,0
20185,0
15908,0
17038,0
2475,0
34198,0
20811,0
29442,0
13034,0
6714,0
12168,0
26497,0
34151,0
27688,0
17727,0
3375,0
17392,0
2609,0
18364,0
15097,0
22632,0
25814,0
6987,0
3524,0
32003,0
30433,0
31863,0
6730,0
29831,0
3651,0
2728,0
2391,0
12050,0
16261,0
8953,0
23034,0
31647,0
28124,0
20485,0
29921,0
31042,0
25057,0
7754,0
8367,0
11693,0
27019,0
7687,0
12057,0
32727,0
11206,0
13000,0
22710,0
33498,0
18588,0
700,0
28135,0
11044,0
14301,0
18345,0
33414,0
17219,0
1237,0
412,0
30540,0
25889,0
1118,0
17631,0
17226,0
2039,0
21498,0
16416,0
18842,0
29640,0
29145,0
31012,0
7233,0
21615,0
28366,0
30080,0
33928,0
14056,0
7912,0
6631,0
16508,0
5137,0
26242,0
8622,0
19857,0
1982,0
34232,0
11497,0
13473,0
17924,0
6723,0
23943,0
24699,0
8195,0
5504,0
28771,0
31168,0
26936,0
3756,0
2001,0
12280,0
7922,0
27524,0
12404,0
6072,0
26241,0
28386,0
13152,0
22426,0
34028,0
31207,0
23723,0
10844,0
6533,0
22910,0
6699,0
25754,0
20858,0
12107,0
13247,0
30148,0
28521,0
1215,0
17765,0
33668,0
4590,0
27401,0
10156,0
15863,0
6277,0
30711,0
13099,0
3970,0
28972,0
11464,0
30864,0
10883,0
11494,0
7873,0
24076,0
29894,0
13597,0
31170,0
6909,0
25681,0
5091,0
17921,0
3076,0
12871,0
29452,0
25918,0
33948,0
17606,0
29090,0
4611,0
23467,0
28994,0
23917,0
5357,0
11818,0
14478,0
18540,0
16535,0
4104,0
11336,0
26326,0
3728,0
3939,0
15739,0
27575,0
33765,0
28720,0
13306,0
10737,0
21022,0
30438,0
8918,0
7341,0
2204,0
10288,0
77,0
492,0
7629,0
24324,0
28913,0
31349,0
18469,0
5104,0
19024,0
25791,0
32408,0
32878,0
11953,0
5671,0
26126,0
1152,0
236,0
7943,0
31972,0
5545,0
14271,0
28046,0
3062,0
5508,0
19999,0
2009,0
4867,0
17608,0
7985,0
13781,0
6263,0
1629,0
9499,0
9379,0
34277,0
33284,0
26984,0
27010,0
24482,0
23525,0
6574,0
6649,0
29294,0
9510,0
27286,0
27467,0
6032,0
17870,0
29817,0
6594,0
25252,0
13657,0
28747,0
1849,0
30926,0
30629,0
30849,0
4588,0
24354,0
29359,0
7709,0
3726,0
24555,0
33900,0
12119,0
19940,0
21246,0
12013,0
27049,0
4178,0
5679,0
10151,0
30518,0
11058,0
3058,0
6325,0
3492,0
9170,0
31847,0
19725,0
12851,0
26422,0
24357,0
31985,0
21201,0
9564,0
31800,0
1056,0
12043,0
11791,0
20649,0
19606,0
29159,0
7366,0
20609,0
8523,0
24171,0
14515,0
6089,0
7402,0
28703,0
23654,0
7395,0
22643,0
20885,0
29929,0
18948,0
2002,0
26097,0
4156,0
1876,0
27827,0
4310,0
32777,0
17567,0
16825,0
8099,0
22846,0
2509,0
4734,0
10496,0
9080,0
20942,0
6305,0
23334,0
8859,0
23846,0
23513,0
6901,0
14925,0
17085,0
14841,0
31204,0
28247,0
33047,0
15444,0
24013,0
29105,0
24235,0
7014,0
9799,0
30774,0
9995,0
22600,0
34157,0
21217,0
27758,0
23976,0
28848,0
126,0
3625,0
1772,0
16396,0
5659,0
15697,0
5594,0
34111,0
4491,0
18544,0
33445,0
6226,0
15254,0
14568,0
33380,0
15343,0
23291,0
19894,0
7240,0
7172,0
19286,0
23661,0
26296,0
18907,0
10959,0
19007,0
25152,0
25938,0
11458,0
4696,0
17209,0
18376,0
31856,0
2560,0
1745,0
21370,0
19524,0
14013,0
6381,0
237,0
7367,0
20545,0
7827,0
33837,0
32564,0
26770,0
26947,0
7969,0
28021,0
30152,0
3582,0
9234,0
27333,0
21980,0
4272,0
21030,0
5579,0
14687,0
11837,0
28857,0
4271,0
9166,0
29431,0
8946,0
16323,0
20539,0
32209,0
10431,0
17787,0
23036,0
8401,0
18499,0
15769,0
1047,0
22019,0
21678,0
28505,0
17563,0
32596,0
22512,0
24288,0
32134,0
21598,0
27127,0
26042,0
19875,0
15650,0
7184,0
1000,0
3238,0
13719,0
33039,0
21138,0
26959,0
12722,0
15173,0
32984,0
14246,0
25920,0
31741,0
2219,0
31872,0
22624,0
33023,0
5212,0
15813,0
30871,0
4370,0
8682,0
4959,0
28231,0
16432,0
9704,0
6956,0
30988,0
32481,0
8962,0
9720,0
20322,0
32756,0
33834,0
33956,0
2513,0
5248,0
23330,0
30445,0
3999,0
8987,0
2010,0
7549,0
21078,0
31806,0
7298,0
26807,0
8844,0
21870,0
7238,0
8639,0
23940,0
10420,0
23281,0
30858,0
7637,0
9531,0
4305,0
6271,0
3994,0
2121,0
27044,0
1608,0
10704,0
11219,0
33460,0
31413,0
27657,0
3344,0
4634,0
7016,0
7923,0
13258,0
33161,0
14178,0
13826,0
11471,0
22376,0
23201,0
2407,0
17168,0
424,0
31291,0
26779,0
9458,0
23005,0
30163,0
21017,0
8929,0
16574,0
6473,0
26844,0
11303,0
7631,0
20428,0
123,0
4066,0
32578,0
16123,0
26908,0
11764,0
14632,0
30168,0
31630,0
28129,0
8017,0
33609,0
30735,0
30798,0
25323,0
21177,0
14740,0
1378,0
30716,0
28064,0
13518,0
28441,0
9467,0
19522,0
13856,0
28693,0
2120,0
21956,0
4010,0
19324,0
17426,0
30622,0
10001,0
10832,0
11203,0
10458,0
20481,0
28474,0
26617,0
21799,0
7213,0
27427,0
32922,0
1600,0
21146,0
25196,0
26593,0
34166,0
23449,0
29844,0
937,0
2821,0
4735,0
31495,0
16726,0
9079,0
28054,0
11610,0
17737,0
16921,0
21340,0
16377,0
30472,0
32017,0
2878,0
10051,0
5346,0
22719,0
416,0
19563,0
22095,0
25167,0
21162,0
30587,0
12413,0
25206,0
26538,0
1308,0
28713,0
28726,0
30195,0
3991,0
24768,0
19399,0
4582,0
8312,0
9109,0
22644,0
33369,0
28436,0
19584,0
23372,0
22372,0
13214,0
8544,0
26343,0
25270,0
11261,0
26423,0
8335,0
19485,0
4053,0
16393,0
10436,0
5455,0
4983,0
30030,0
25007,0
1968,0
3615,0
21796,0
24812,0
21960,0
30364,0
24930,0
15448,0
23704,0
13659,0
18859,0
28839,0
31378,0
1326,0
29784,0
19601,0
28344,0
28446,0
9076,0
18188,0
6587,0
3546,0
29208,0
14634,0
144,0
3691,0
14373,0
23402,0
22759,0
25046,0
4416,0
8600,0
7501,0
2991,0
11159,0
17851,0
29525,0
20294,0
30592,0
9870,0
23715,0
8005,0
10791,0
1976,0
22482,0
31714,0
30,0
32784,0
27164,0
33984,0
31652,0
896,0
12362,0
27810,0
19193,0
7149,0
28413,0
2351,0
17288,0
18883,0
23274,0
27298,0
31145,0
3559,0
8299,0
9132,0
15553,0
24705,0
16709,0
15751,0
5421,0
31534,0
31737,0
15866,0
4602,0
7491,0
24869,0
24871,0
7782,0
3817,0
9581,0
5087,0
11626,0
22434,0
21717,0
20132,0
14140,0
19803,0
16640,0
14416,0
9648,0
22151,0
27879,0
13218,0
29116,0
2516,0
9143,0
21001,0
142,0
21247,0
25851,0
28440,0
16799,0
6742,0
29428,0
341,0
30406,0
3230,0
2808,0
16735,0
24061,0
28648,0
20525,0
19556,0
32879,0
19304,0
9047,0
23617,0
7377,0
33740,0
7247,0
16231,0
32542,0
19927,0
24588,0
25144,0
14091,0
24532,0
33880,0
19824,0
29740,0
15928,0
17786,0
3398,0
10145,0
3083,0
28859,0
4333,0
23902,0
6114,0
14975,0
11056,0
1208,0
29688,0
20998,0
26473,0
26946,0
13791,0
4842,0
8942,0
4839,0
24534,0
19851,0
32487,0
16265,0
32248,0
9340,0
8597,0
27684,0
20232,0
31975,0
26613,0
21010,0
18740,0
28328,0
17135,0
532,0
413,0
23918,0
29711,0
5277,0
29031,0
9750,0
27456,0
6064,0
22278,0
17777,0
8903,0
22118,0
437,0
2253,0
18168,0
22564,0
4131,0
2769,0
12887,0
24033,0
21670,0
22031,0
26744,0
20866,0
16899,0
27750,0
23406,0
14655,0
18237,0
3041,0
25744,0
8286,0
27015,0
2536,0
17704,0
22574,0
10582,0
32420,0
5047,0
9257,0
10703,0
21856,0
1797,0
28312,0
5156,0
10281,0
4289,0
22684,0
11762,0
27438,0
11405,0
18574,0
5777,0
25908,0
34007,0
33512,0
33253,0
29517,0
21159,0
14557,0
16300,0
12808,0
5410,0
13981,0
24735,0
10405,0
15060,0
21119,0
275,0
13842,0
28779,0
14296,0
15259,0
10877,0
6323,0
32871,0
29620,0
20277,0
8957,0
28773,0
4667,0
3048,0
28585,0
16218,0
7984,0
30277,0
26723,0
33763,0
11788,0
25388,0
11442,0
11352,0
25032,0
29052,0
6774,0
29681,0
1692,0
30801,0
30127,0
18798,0
5666,0
33657,0
9610,0
13886,0
7779,0
7244,0
11618,0
32633,0
8764,0
23950,0
30447,0
22165,0
32037,0
10519,0
4982,0
17236,0
10748,0
10909,0
5673,0
8611,0
23217,0
10206,0
28081,0
10119,0
7117,0
34183,0
27751,0
2836,0
26638,0
21221,0
16868,0
10276,0
26577,0
5749,0
12699,0
24173,0
8430,0
24225,0
18226,0
20856,0
34220,0
28264,0
6893,0
33878,0
26774,0
12039,0
814,0
29226,0
6361,0
1767,0
460,0
3718,0
33791,0
29264,0
11921,0
8623,0
17809,0
32333,0
16325,0
18785,0
33723,0
29415,0
13178,0
16451,0
33608,0
6400,0
25180,0
1111,0
5535,0
1216,0
11539,0
24214,0
21195,0
23072,0
19685,0
15225,0
6146,0
28717,0
15049,0
18754,0
7993,0
12064,0
17784,0
8886,0
9325,0
4976,0
19335,0
22129,0
32625,0
13776,0
23676,0
3475,0
15947,0
1651,0
1944,0
32890,0
6840,0
27753,0
31641,0
22396,0
15956,0
24098,0
24870,0
20058,0
27874,0
18317,0
11890,0
20504,0
27877,0
11459,0
30636,0
14449,0
32164,0
16580,0
2659,0
19664,0
6115,0
19592,0
3293,0
15233,0
23178,0
6888,0
23732,0
13646,0
30703,0
20967,0
27451,0
29763,0
28784,0
10666,0
28921,0
28965,0
20052,0
28881,0
29194,0
23165,0
12190,0
2873,0
30618,0
29100,0
1827,0
30931,0
5066,0
16576,0
2327,0
31599,0
15220,0
20995,0
28443,0
28111,0
28672,0
13271,0
22299,0
26710,0
19545,0
11932,0
5787,0
24847,0
28464,0
2963,0
16737,0
20821,0
12682,0
17812,0
10800,0
2326,0
5717,0
12295,0
19239,0
19279,0
5733,0
25715,0
2374,0
24334,0
33622,0
14980,0
22303,0
3391,0
27287,0
3453,0
32570,0
18549,0
31461,0
14308,0
25446,0
6605,0
6598,0
24154,0
13285,0
19589,0
28909,0
19887,0
22917,0
1660,0
19119,0
33286,0
10976,0
16582,0
33411,0
21987,0
33776,0
2975,0
8983,0
9836,0
10578,0
13906,0
19925,0
21826,0
24659,0
34216,0
26948,0
22845,0
25070,0
25816,0
22088,0
17590,0
14006,0
29321,0
33804,0
1882,0
1351,0
13044,0
25757,0
6696,0
3949,0
21571,0
27396,0
22907,0
12474,0
31559,0
19457,0
13402,0
13484,0
11374,0
567,0
3712,0
13075,0
31964,0
428,0
5753,0
247,0
23187,0
17340,0
7535,0
3092,0
9703,0
8474,0
26909,0
14914,0
32098,0
6320,0
20679,0
12372,0
12526,0
19762,0
16454,0
7110,0
20770,0
23477,0
16598,0
20910,0
6251,0
27488,0
22982,0
32655,0
20689,0
17610,0
7565,0
32814,0
20767,0
25225,0
19661,0
4029,0
25843,0
3337,0
9068,0
18760,0
22411,0
11286,0
28392,0
22810,0
22670,0
1294,0
12493,0
1962,0
1065,0
893,0
29348,0
21440,0
21306,0
13250,0
3652,0
13708,0
22726,0
2029,0
11637,0
1225,0
21342,0
30986,0
27358,0
23728,0
5422,0
22608,0
16928,0
18960,0
15399,0
19519,0
32735,0
21389,0
1200,0
20698,0
23312,0
24928,0
32874,0
20180,0
32120,0
26256,0
22305,0
15579,0
8699,0
14966,0
30240,0
2344,0
17346,0
26276,0
21730,0
14713,0
13127,0
2043,0
15724,0
30615,0
29820,0
8829,0
16521,0
18965,0
34196,0
25073,0
13989,0
30943,0
24861,0
7248,0
27528,0
33627,0
26893,0
22333,0
18919,0
17882,0
19199,0
21562,0
22950,0
26084,0
4900,0
24397,0
32649,0
10314,0
23971,0
4515,0
21266,0
16881,0
27291,0
18681,0
22847,0
13811,0
9403,0
16837,0
14073,0
15540,0
27262,0
21612,0
17531,0
16941,0
15216,0
1276,0
15954,0
1037,0
14224,0
10924,0
6416,0
16103,0
15614,0
1508,0
5096,0
18146,0
7340,0
6501,0
32698,0
9010,0
2542,0
2362,0
3459,0
22024,0
24174,0
23997,0
15318,0
7746,0
9721,0
5001,0
7161,0
4492,0
24675,0
32205,0
8272,0
5849,0
5633,0
16783,0
18568,0
2947,0
34275,0
13015,0
18320,0
26714,0
26267,0
469,0
34125,0
18490,0
30033,0
12011,0
22579,0
5766,0
14079,0
32834,0
21427,0
17732,0
4552,0
21906,0
14674,0
25178,0
13253,0
16133,0
25530,0
17518,0
33484,0
2047,0
25333,0
20198,0
5075,0
24175,0
25036,0
12116,0
12977,0
2281,0
2370,0
18286,0
17630,0
4379,0
13058,0
26900,0
7177,0
26051,0
32900,0
17100,0
29686,0
13242,0
25390,0
31460,0
29001,0
17905,0
27681,0
28447,0
29554,0
22075,0
24641,0
10294,0
10750,0
20529,0
27635,0
27109,0
25455,0
10334,0
25788,0
25367,0
25764,0
21888,0
24398,0
18762,0
28400,0
8856,0
13188,0
17361,0
25365,0
1440,0
21199,0
30419,0
26352,0
25331,0
14870,0
9812,0
26594,0
24407,0
25917,0
27939,0
5863,0
33071,0
19471,0
10049,0
27314,0
14510,0
23501,0
19470,0
19667,0
7315,0
29568,0
32175,0
736,0
34147,0
25132,0
22256,0
9617,0
7100,0
3418,0
27016,0
29766,0
30825,0
27938,0
11350,0
15706,0
4530,0
32732,0
9119,0
9551,0
12668,0
5528,0
33661,0
27099,0
22416,0
2034,0
4184,0
15095,0
2323,0
23155,0
20692,0
1458,0
32973,0
9873,0
17925,0
14120,0
12327,0
26677,0
21495,0
15465,0
10626,0
16516,0
6151,0
27811,0
1705,0
11974,0
12129,0
2579,0
17515,0
29464,0
24707,0
25607,0
29283,0
10261,0
10507,0
6290,0
9846,0
15100,0
18360,0
257,0
24854,0
18110,0
9821,0
12332,0
26988,0
33030,0
27841,0
13645,0
30610,0
8459,0
28138,0
8669,0
18994,0
28284,0
10426,0
482,0
19960,0
33263,0
7473,0
16345,0
10189,0
18566,0
31982,0
30923,0
28301,0
24905,0
28792,0
2426,0
13529,0
1212,0
14753,0
6789,0
32809,0
13119,0
23144,0
9676,0
29900,0
18523,0
11657,0
10799,0
9145,0
23873,0
1732,0
33602,0
27189,0
24429,0
27188,0
17101,0
25043,0
19124,0
29584,0
25874,0
18684,0
22997,0
31288,0
18528,0
20721,0
2787,0
13612,0
27963,0
27932,0
28454,0
27719,0
3754,0
22878,0
23273,0
29558,0
27104,0
31222,0
4167,0
33365,0
4091,0
32544,0
20500,0
27628,0
26081,0
12733,0
30031,0
6262,0
33638,0
8328,0
2352,0
486,0
16703,0
27906,0
21371,0
5795,0
17434,0
16776,0
27379,0
30248,0
7087,0
10641,0
20668,0
3295,0
15434,0
5991,0
22470,0
32790,0
5413,0
30762,0
30938,0
14476,0
12206,0
30829,0
9151,0
9619,0
9961,0
3573,0
17856,0
33969,0
16465,0
14890,0
9596,0
28219,0
17023,0
23502,0
29597,0
8793,0
8803,0
23421,0
17387,0
22092,0
17419,0
17305,0
15520,0
3742,0
10114,0
9893,0
6067,0
19290,0
16978,0
2082,0
22406,0
1407,0
22731,0
33167,0
17695,0
10590,0
7526,0
2879,0
9881,0
9795,0
18123,0
19479,0
10552,0
11988,0
6978,0
2712,0
7490,0
20605,0
10849,0
29564,0
25947,0
10023,0
1020,0
14579,0
10186,0
11646,0
7678,0
14117,0
24415,0
4224,0
1192,0
7281,0
23509,0
9862,0
33222,0
4607,0
2157,0
5094,0
29421,0
8994,0
25357,0
10400,0
21822,0
20381,0
19042,0
24536,0
14728,0
11438,0
12321,0
30120,0
3560,0
15278,0
1353,0
1154,0
21376,0
16767,0
33377,0
32485,0
32639,0
12232,0
25655,0
11287,0
26161,0
9084,0
20157,0
300,0
12114,0
28240,0
30189,0
16125,0
5829,0
5295,0
20816,0
1408,0
26832,0
12192,0
26232,0
13207,0
29461,0
30987,0
21473,0
6058,0
23861,0
12836,0
14588,0
29861,0
25287,0
23960,0
27322,0
30112,0
21917,0
9140,0
15099,0
20155,0
2960,0
27748,0
30335,0
11244,0
34224,0
34192,0
25253,0
1260,0
34236,0
23299,0
30619,0
17049,0
8392,0
33647,0
9538,0
13168,0
2919,0
20658,0
17269,0
32344,0
13008,0
32102,0
5326,0
31002,0
20907,0
12427,0
17746,0
20971,0
19463,0
8215,0
4939,0
9902,0
6747,0
24759,0
19100,0
3569,0
32507,0
3202,0
16820,0
8061,0
3986,0
28742,0
25551,0
29252,0
32062,0
21659,0
28010,0
10310,0
18711,0
5985,0
17126,0
465,0
26281,0
27245,0
22460,0
10461,0
23379,0
32029,0
26525,0
25727,0
11523,0
12726,0
31932,0
26697,0
1545,0
33381,0
30078,0
12655,0
5841,0
8762,0
26464,0
1554,0
14153,0
33994,0
10395,0
25565,0
9399,0
6321,0
6464,0
17051,0
15420,0
7115,0
609,0
11611,0
23598,0
10030,0
4240,0
32147,0
7084,0
23766,0
10634,0
23600,0
19489,0
6117,0
33157,0
34170,0
29093,0
19461,0
6428,0
32242,0
19326,0
18603,0
13025,0
13199,0
18517,0
25250,0
16913,0
12211,0
7962,0
1915,0
16578,0
27475,0
11376,0
17012,0
927,0
19931,0
22781,0
29023,0
28920,0
4052,0
6961,0
17770,0
25672,0
4671,0
22721,0
24114,0
12928,0
30261,0
20688,0
24035,0
22350,0
19502,0
21115,0
27073,0
26466,0
26880,0
9800,0
19080,0
21121,0
15211,0
20411,0
15843,0
29124,0
13630,0
3261,0
14291,0
12465,0
5931,0
10796,0
12079,0
32819,0
25468,0
5725,0
27897,0
31952,0
8828,0
13795,0
29358,0
544,0
12323,0
25818,0
14802,0
909,0
11691,0
28172,0
30749,0
26259,0
2472,0
33125,0
13177,0
5064,0
27166,0
31456,0
29714,0
9426,0
25113,0
26318,0
28134,0
27460,0
20625,0
10133,0
28041,0
14154,0
1634,0
3968,0
16145,0
12294,0
3170,0
30950,0
22162,0
20962,0
26460,0
8206,0
23296,0
25230,0
17378,0
13090,0
33787,0
1261,0
22302,0
1001,0
29803,0
26046,0
13125,0
16042,0
25304,0
14342,0
13051,0
11746,0
17538,0
17773,0
3604,0
33019,0
11873,0
13472,0
24773,0
21251,0
13637,0
28568,0
33799,0
5669,0
21091,0
14149,0
22136,0
21583,0
1644,0
25391,0
17254,0
30387,0
4961,0
18203,0
29627,0
28564,0
1831,0
26275,0
28057,0
781,0
28943,0
5541,0
24291,0
15357,0
18569,0
33995,0
12304,0
18096,0
13950,0
18626,0
8130,0
27315,0
25277,0
22061,0
25648,0
26096,0
5736,0
31642,0
28888,0
18303,0
27265,0
2341,0
7081,0
14017,0
28354,0
27455,0
1380,0
21057,0
14718,0
12670,0
6570,0
2726,0
10885,0
21262,0
30416,0
6787,0
7439,0
17702,0
6171,0
30538,0
1376,0
19676,0
24579,0
29646,0
30775,0
21750,0
1028,0
4406,0
6368,0
14044,0
3798,0
20137,0
6207,0
6285,0
6055,0
9500,0
21696,0
6045,0
29797,0
12486,0
11400,0
6500,0
8208,0
26574,0
12914,0
29245,0
28746,0
27515,0
68,0
24867,0
21458,0
2855,0
6394,0
16294,0
3572,0
16851,0
24314,0
12005,0
9755,0
13106,0
824,0
20370,0
32699,0
5371,0
10506,0
34180,0
8741,0
19686,0
7459,0
29632,0
29492,0
24601,0
15514,0
11208,0
20810,0
14851,0
30474,0
31569,0
6036,0
3522,0
31844,0
30808,0
14585,0
2179,0
5816,0
34064,0
32138,0
2066,0
15250,0
13461,0
7041,0
31655,0
29726,0
2535,0
9122,0
34019,0
5053,0
2532,0
513,0
27124,0
24387,0
3183,0
29162,0
6418,0
19533,0
5590,0
25630,0
7965,0
29916,0
5582,0
22314,0
11676,0
25207,0
25925,0
4898,0
27318,0
24521,0
16689,0
1296,0
11111,0
17232,0
22161,0
22001,0
849,0
31266,0
28763,0
758,0
15172,0
10032,0
33407,0
10139,0
12820,0
18616,0
214,0
8974,0
32680,0
11469,0
18845,0
5744,0
6661,0
7621,0
18431,0
12753,0
15133,0
11633,0
16779,0
32227,0
17260,0
23751,0
20559,0
13406,0
2428,0
11290,0
5136,0
23692,0
5680,0
29849,0
15558,0
6108,0
33404,0
746,0
29514,0
18906,0
20918,0
23926,0
20994,0
18976,0
25584,0
22537,0
22405,0
17651,0
11296,0
17779,0
33299,0
597,0
11699,0
28244,0
8673,0
33394,0
9684,0
18473,0
24519,0
6499,0
17857,0
5561,0
24142,0
25371,0
15481,0
8281,0
25979,0
32144,0
18689,0
28528,0
14752,0
8549,0
5539,0
14244,0
6367,0
1026,0
6615,0
9297,0
2766,0
31768,0
11221,0
14038,0
24971,0
28427,0
22856,0
21582,0
23928,0
16736,0
22462,0
27988,0
8947,0
27792,0
26228,0
23651,0
23432,0
20516,0
32523,0
13807,0
22984,0
34255,0
24522,0
28882,0
5164,0
7137,0
4440,0
8610,0
212,0
23761,0
2527,0
2850,0
8360,0
4110,0
9439,0
21961,0
12024,0
31208,0
4456,0
5569,0
568,0
3169,0
5948,0
27699,0
32263,0
12917,0
427,0
1934,0
14099,0
10665,0
23995,0
3639,0
29556,0
31239,0
13412,0
6356,0
2434,0
16631,0
28756,0
20269,0
20982,0
13224,0
7506,0
23756,0
14900,0
13894,0
26434,0
31068,0
13181,0
8418,0
8065,0
4267,0
14770,0
28550,0
6760,0
33238,0
19033,0
13245,0
2970,0
9860,0
14686,0
6121,0
2124,0
10714,0
9794,0
28902,0
12088,0
27343,0
17800,0
4788,0
2226,0
16464,0
22324,0
28827,0
10828,0
17332,0
30953,0
31651,0
26915,0
15427,0
21839,0
6581,0
1569,0
17279,0
5308,0
18236,0
26119,0
14941,0
3136,0
29810,0
11385,0
23029,0
8244,0
33810,0
7334,0
8842,0
18355,0
13425,0
21769,0
17965,0
7097,0
25227,0
536,0
16831,0
11910,0
11017,0
26709,0
32765,0
23721,0
5803,0
16001,0
13059,0
11132,0
29364,0
5758,0
10754,0
19086,0
4546,0
11666,0
27137,0
8613,0
33132,0
5418,0
20524,0
1355,0
27009,0
2278,0
19363,0
4761,0
2652,0
5182,0
1618,0
29588,0
7013,0
15584,0
5226,0
17091,0
33346,0
22023,0
22708,0
27147,0
31887,0
14816,0
15871,0
13889,0
16718,0
25216,0
33052,0
1439,0
4208,0
32648,0
30969,0
8138,0
1459,0
25753,0
23534,0
20863,0
3920,0
10863,0
11600,0
31966,0
24388,0
20375,0
1383,0
12432,0
29876,0
5130,0
28149,0
5124,0
17086,0
15045,0
31969,0
4210,0
29799,0
26324,0
29753,0
33780,0
28226,0
30526,0
18840,0
18844,0
13078,0
15456,0
5624,0
15859,0
20596,0
3827,0
20757,0
33282,0
28060,0
21024,0
17628,0
7130,0
17623,0
15270,0
29173,0
14932,0
13828,0
24289,0
6084,0
7972,0
8863,0
22968,0
33370,0
15536,0
6420,0
26627,0
2678,0
29235,0
32382,0
18581,0
19376,0
31894,0
14818,0
27174,0
7525,0
2211,0
29824,0
23551,0
14691,0
1335,0
30842,0
30209,0
16185,0
27852,0
25779,0
17472,0
322,0
25251,0
7379,0
16421,0
22693,0
27228,0
21715,0
5143,0
14018,0
21699,0
20513,0
2294,0
29758,0
10128,0
19809,0
15237,0
24436,0
32690,0
18441,0
28685,0
9633,0
33514,0
5755,0
11752,0
2795,0
8557,0
17327,0
24581,0
32383,0
20670,0
19889,0
32981,0
32741,0
22211,0
17150,0
8276,0
33308,0
19140,0
21708,0
31043,0
4820,0
5706,0
8035,0
30813,0
31255,0
693,0
14021,0
31607,0
28652,0
23746,0
22152,0
30678,0
14845,0
6877,0
21726,0
8819,0
6892,0
11016,0
20455,0
5229,0
31055,0
5574,0
4204,0
24336,0
8078,0
24427,0
20588,0
13098,0
16593,0
30598,0
30413,0
24004,0
24836,0
26295,0
21613,0
8515,0
10540,0
27733,0
8223,0
24925,0
11260,0
33656,0
11847,0
25733,0
23740,0
19386,0
32267,0
5835,0
25381,0
14705,0
3851,0
32171,0
25534,0
10642,0
8707,0
10653,0
28105,0
26719,0
23022,0
11247,0
24127,0
12784,0
19159,0
9255,0
25629,0
5852,0
2549,0
7425,0
19406,0
10260,0
8111,0
20472,0
13387,0
276,0
21088,0
11147,0
30421,0
22367,0
5206,0
33329,0
23024,0
33912,0
10668,0
3881,0
19036,0
8302,0
21545,0
31476,0
1808,0
12619,0
23209,0
32078,0
6249,0
31623,0
23352,0
17468,0
15627,0
18698,0
9996,0
8991,0
13302,0
922,0
26527,0
4712,0
21392,0
31403,0
6079,0
21120,0
1347,0
10411,0
31358,0
24764,0
32817,0
13937,0
24912,0
12589,0
25373,0
4367,0
14359,0
12969,0
30252,0
6841,0
23776,0
19586,0
25825,0
9137,0
6425,0
19339,0
11596,0
456,0
11081,0
21656,0
549,0
7464,0
2450,0
22203,0
15385,0
3299,0
19626,0
4964,0
5339,0
7542,0
6572,0
27656,0
1595,0
25893,0
20056,0
7832,0
32411,0
27885,0
20693,0
7909,0
31692,0
21939,0
5763,0
19867,0
31157,0
31763,0
15040,0
17539,0
12420,0
11583,0
898,0
27915,0
20945,0
26094,0
17143,0
21254,0
9181,0
32012,0
10004,0
19825,0
7026,0
30560,0
4795,0
33096,0
23585,0
18051,0
30920,0
33458,0
7887,0
32902,0
12298,0
5612,0
17593,0
14698,0
8580,0
604,0
15222,0
7736,0
4229,0
3899,0
8503,0
20556,0
33719,0
14615,0
14609,0
33391,0
9550,0
8218,0
30495,0
13990,0
19107,0
4694,0
28005,0
9706,0
23408,0
12816,0
6103,0
8049,0
31557,0
21087,0
14239,0
13697,0
5589,0
7188,0
26369,0
22490,0
7234,0
19770,0
4340,0
11570,0
4742,0
25182,0
9216,0
18585,0
23394,0
33134,0
23977,0
10228,0
22499,0
17885,0
23948,0
5028,0
2224,0
198,0
32610,0
26279,0
13703,0
9779,0
31183,0
27168,0
21829,0
13966,0
9599,0
13984,0
9227,0
8695,0
32081,0
8240,0
17404,0
32999,0
31404,0
33748,0
31481,0
3411,0
24338,0
20264,0
8351,0
7699,0
10932,0
22125,0
12021,0
1317,0
19711,0
16229,0
17476,0
18898,0
32824,0
29635,0
3269,0
2864,0
29835,0
30358,0
5977,0
19520,0
16675,0
31681,0
10990,0
13082,0
21817,0
28734,0
32086,0
28669,0
818,0
25981,0
29500,0
25790,0
34263,0
31515,0
28001,0
27428,0
29261,0
5423,0
2273,0
15484,0
17569,0
16680,0
33942,0
27837,0
10229,0
33915,0
8080,0
15552,0
9121,0
10130,0
19799,0
15619,0
5332,0
1568,0
7799,0
18044,0
5769,0
6672,0
24895,0
22418,0
1685,0
32634,0
1813,0
28271,0
33462,0
15759,0
6191,0
27023,0
4146,0
892,0
8358,0
28997,0
12814,0
26620,0
23714,0
3474,0
6104,0
4885,0
17830,0
8905,0
1911,0
30103,0
6296,0
13462,0
3555,0
26863,0
6382,0
28728,0
9100,0
29236,0
2436,0
21953,0
19316,0
7192,0
11478,0
11557,0
4773,0
23691,0
5784,0
32318,0
8663,0
12394,0
11697,0
17677,0
221,0
21788,0
32603,0
3934,0
14867,0
20933,0
20352,0
7135,0
4242,0
17889,0
8252,0
12532,0
2943,0
22344,0
27048,0
16034,0
28331,0
6832,0
8294,0
21557,0
894,0
26878,0
3796,0
7603,0
31059,0
20597,0
27094,0
23789,0
12450,0
17825,0
21331,0
3706,0
9941,0
29787,0
19231,0
15632,0
19614,0
21259,0
803,0
27765,0
21526,0
14465,0
26006,0
34189,0
8569,0
21114,0
6159,0
3888,0
31550,0
4039,0
6189,0
17339,0
4385,0
32077,0
13192,0
32199,0
21507,0
30880,0
24645,0
11667,0
3948,0
15702,0
27767,0
26142,0
16543,0
26283,0
5785,0
32285,0
21311,0
697,0
30351,0
33585,0
26671,0
6683,0
3235,0
23595,0
33169,0
28630,0
20096,0
24143,0
34012,0
6150,0
32525,0
33893,0
1003,0
15937,0
24542,0
25359,0
14907,0
30451,0
4223,0
16904,0
5488,0
26340,0
2589,0
11371,0
11035,0
20275,0
34119,0
25461,0
1861,0
16272,0
24594,0
33722,0
25026,0
10608,0
22992,0
12471,0
861,0
20195,0
11630,0
26114,0
4250,0
28737,0
24072,0
17175,0
30504,0
242,0
24458,0
931,0
20987,0
12409,0
30165,0
26662,0
16943,0
26852,0
4200,0
13388,0
26379,0
24790,0
30787,0
23405,0
4845,0
33217,0
9692,0
5968,0
20536,0
9338,0
9981,0
18380,0
30476,0
18280,0
13929,0
6443,0
28176,0
11243,0
34194,0
15134,0
26686,0
17952,0
2610,0
20780,0
27225,0
9326,0
5668,0
33976,0
946,0
27365,0
17482,0
651,0
8374,0
33825,0
31447,0
11991,0
25134,0
26261,0
32862,0
3091,0
6337,0
34228,0
17855,0
31719,0
7979,0
34281,0
20434,0
20660,0
26713,0
13875,0
20421,0
16462,0
25811,0
17046,0
2680,0
8898,0
32501,0
30700,0
6314,0
3022,0
33997,0
120,0
29666,0
18065,0
10150,0
10629,0
10597,0
3770,0
14530,0
26565,0
18428,0
30688,0
10182,0
27250,0
9652,0
1524,0
17259,0
22642,0
24559,0
17638,0
1210,0
11899,0
30298,0
24318,0
4925,0
30941,0
7963,0
23916,0
20308,0
9373,0
2198,0
2194,0
18655,0
34132,0
15262,0
4291,0
17108,0
9825,0
14641,0
5046,0
5864,0
29792,0
3997,0
3623,0
2498,0
16385,0
22514,0
5082,0
31020,0
20789,0
31650,0
22064,0
23690,0
30848,0
14781,0
12239,0
3306,0
203,0
117,0
19625,0
27324,0
33700,0
12767,0
28295,0
7874,0
9106,0
19922,0
7528,0
4127,0
28715,0
11971,0
28664,0
9886,0
6024,0
9686,0
16200,0
2162,0
18631,0
14942,0
22483,0
3150,0
5165,0
23786,0
17683,0
26657,0
9919,0
3783,0
26689,0
25958,0
33188,0
30285,0
19321,0
28836,0
7937,0
6362,0
29947,0
14037,0
27780,0
3792,0
19830,0
29002,0
17456,0
20094,0
27978,0
23121,0
23504,0
22249,0
27712,0
13525,0
25392,0
15197,0
7009,0
410,0
12487,0
8235,0
4967,0
21604,0
1467,0
14240,0
14407,0
11460,0
14936,0
30363,0
8771,0
19750,0
20327,0
31989,0
22329,0
18888,0
801,0
12968,0
11038,0
10690,0
11601,0
86,0
6912,0
17089,0
18984,0
4415,0
21400,0
4782,0
26316,0
5882,0
24680,0
21872,0
8536,0
32277,0
22266,0
2040,0
4855,0
9752,0
982,0
19342,0
18016,0
14074,0
23936,0
27941,0
21033,0
28679,0
20818,0
18885,0
5379,0
21879,0
27382,0
28678,0
20210,0
23731,0
175,0
27714,0
28503,0
30527,0
15379,0
1726,0
4308,0
25027,0
31422,0
6659,0
28540,0
10451,0
23069,0
16384,0
21627,0
18642,0
13733,0
28731,0
11018,0
19052,0
7610,0
8112,0
19564,0
29391,0
23821,0
31868,0
15499,0
4755,0
24741,0
10903,0
12286,0
31502,0
29505,0
4098,0
26793,0
29819,0
20782,0
16352,0
15217,0
20252,0
14385,0
615,0
12391,0
24386,0
21787,0
14597,0
12309,0
26955,0
27595,0
3322,0
4306,0
3779,0
28891,0
33231,0
11060,0
2060,0
2412,0
29995,0
23698,0
2227,0
25188,0
15566,0
30575,0
19310,0
14161,0
16785,0
2286,0
14828,0
3465,0
4710,0
24136,0
25583,0
9102,0
32010,0
13878,0
18222,0
31175,0
9436,0
21464,0
23431,0
21428,0
29645,0
6507,0
27752,0
7461,0
19027,0
26222,0
20449,0
33750,0
20320,0
9987,0
23335,0
31903,0
21204,0
5177,0
22437,0
14255,0
18627,0
13072,0
28361,0
7521,0
22729,0
3780,0
288,0
12558,0
7698,0
23316,0
2897,0
4421,0
6802,0
1738,0
5538,0
8607,0
4396,0
4188,0
19498,0
21214,0
30235,0
33595,0
10813,0
14909,0
27794,0
31543,0
18482,0
5273,0
13777,0
7659,0
16612,0
17295,0
27230,0
5510,0
4006,0
23675,0
22181,0
15016,0
25532,0
29419,0
7466,0
14282,0
9245,0
19125,0
1532,0
11609,0
30802,0
34094,0
29948,0
10995,0
13642,0
6049,0
5846,0
19305,0
20499,0
16010,0
21154,0
2791,0
34205,0
13514,0
32319,0
19349,0
5588,0
27878,0
3289,0
17441,0
25220,0
21421,0
11364,0
15556,0
28851,0
4614,0
2424,0
22994,0
24693,0
25810,0
196,0
23719,0
17162,0
15980,0
12378,0
17005,0
15887,0
18324,0
18878,0
5246,0
13648,0
25031,0
22002,0
4007,0
16076,0
21145,0
8212,0
11850,0
16911,0
29157,0
15955,0
14950,0
7113,0
24785,0
16784,0
23284,0
33351,0
11627,0
28336,0
31912,0
23522,0
21184,0
32617,0
14440,0
10722,0
6822,0
22609,0
3831,0
14101,0
21642,0
11275,0
23893,0
22046,0
2931,0
33977,0
4897,0
15455,0
27869,0
14906,0
26787,0
21974,0
32417,0
31529,0
5910,0
10961,0
11673,0
26225,0
5217,0
4460,0
15648,0
26843,0
7758,0
19665,0
26940,0
2828,0
29529,0
29510,0
23975,0
13293,0
24245,0
12829,0
13640,0
28077,0
23399,0
11080,0
16088,0
8565,0
18728,0
23546,0
16260,0
29885,0
286,0
33357,0
18735,0
14978,0
3516,0
21072,0
24267,0
8913,0
3602,0
31747,0
8558,0
28937,0
1431,0
3444,0
20363,0
18665,0
18591,0
978,0
23142,0
33672,0
139,0
32052,0
31708,0
12238,0
24541,0
34074,0
3541,0
1949,0
574,0
16700,0
24599,0
15161,0
30283,0
19662,0
11874,0
12331,0
12073,0
23270,0
31065,0
31783,0
515,0
11556,0
16427,0
26385,0
884,0
14822,0
5011,0
30159,0
23755,0
12315,0
31886,0
25667,0
30125,0
28146,0
9246,0
28398,0
14363,0
12949,0
3212,0
15132,0
28260,0
17016,0
6685,0
29982,0
6202,0
12377,0
23254,0
25933,0
30781,0
28013,0
1421,0
7180,0
21863,0
3155,0
15704,0
3318,0
10660,0
15206,0
20106,0
30479,0
9588,0
32787,0
24720,0
19491,0
3974,0
10745,0
18846,0
4621,0
14251,0
6279,0
15662,0
4908,0
27156,0
24480,0
12717,0
25466,0
20034,0
23322,0
1013,0
1505,0
11135,0
15224,0
13902,0
11658,0
28603,0
1610,0
17224,0
7806,0
19364,0
24929,0
6423,0
2675,0
22484,0
25249,0
20148,0
20152,0
11740,0
32622,0
18869,0
31841,0
29548,0
8264,0
27990,0
11787,0
26705,0
17604,0
32013,0
18748,0
383,0
19847,0
848,0
32419,0
20324,0
16079,0
31354,0
14566,0
25967,0
19482,0
13032,0
20915,0
25362,0
2506,0
14278,0
32154,0
30143,0
7275,0
3585,0
7245,0
32561,0
1417,0
22287,0
10738,0
8667,0
27917,0
11312,0
22231,0
18739,0
14848,0
14197,0
8791,0
18727,0
29237,0
10508,0
3329,0
33317,0
1367,0
3635,0
25784,0
23407,0
10106,0
30547,0
12962,0
16808,0
34105,0
19544,0
33274,0
21547,0
15925,0
389,0
17257,0
18350,0
6075,0
28751,0
10560,0
12833,0
16711,0
31666,0
8362,0
7883,0
10480,0
22169,0
24740,0
16966,0
21609,0
34200,0
30306,0
16104,0
30944,0
25610,0
28621,0
11649,0
1177,0
32693,0
34269,0
16990,0
15491,0
17799,0
23929,0
26032,0
22004,0
8563,0
29324,0
6769,0
31606,0
23373,0
2125,0
18979,0
20538,0
23118,0
15571,0
32315,0
14394,0
10076,0
32786,0
23145,0
22820,0
14125,0
31962,0
4262,0
13942,0
10833,0
10470,0
23809,0
3447,0
16589,0
19032,0
31197,0
24777,0
28613,0
7725,0
31462,0
32804,0
32692,0
18442,0
18308,0
31016,0
27637,0
3629,0
27725,0
34235,0
33509,0
26920,0
18806,0
17868,0
14734,0
32992,0
9483,0
24248,0
13948,0
16289,0
27251,0
17147,0
19881,0
5996,0
25465,0
31133,0
17917,0
16030,0
27374,0
31659,0
26611,0
19452,0
16780,0
15469,0
29883,0
16308,0
10769,0
12576,0
27355,0
25438,0
8338,0
22776,0
21499,0
1515,0
20121,0
13897,0
8916,0
25050,0
33128,0
30877,0
29385,0
3480,0
14155,0
20503,0
11698,0
22354,0
10236,0
27927,0
29144,0
12599,0
27779,0
1997,0
956,0
7702,0
1992,0
29209,0
5425,0
11380,0
18121,0
31163,0
9456,0
21938,0
22264,0
18602,0
7714,0
29025,0
12781,0
28889,0
23085,0
19543,0
26864,0
29070,0
14485,0
19688,0
7183,0
9579,0
34034,0
12737,0
4832,0
25012,0
18218,0
31946,0
25495,0
2830,0
31634,0
25664,0
1304,0
17093,0
15467,0
8343,0
22119,0
25915,0
13589,0
14649,0
5783,0
17650,0
25697,0
5809,0
32638,0
9916,0
13879,0
31862,0
5512,0
27284,0
1346,0
11418,0
23053,0
13870,0
6550,0
2741,0
17416,0
634,0
19235,0
4076,0
1864,0
12752,0
19878,0
2333,0
28592,0
10752,0
31375,0
15104,0
24290,0
30530,0
21061,0
1636,0
729,0
2524,0
22168,0
33358,0
2699,0
16493,0
7080,0
3079,0
15502,0
26266,0
17206,0
15989,0
4931,0
8263,0
26102,0
19534,0
15086,0
14408,0
25454,0
18721,0
32235,0
29768,0
13215,0
2753,0
21996,0
11002,0
7558,0
23159,0
404,0
10702,0
1345,0
29966,0
12925,0
11120,0
19921,0
8577,0
20696,0
4895,0
20868,0
11783,0
17203,0
7988,0
631,0
5255,0
7761,0
7645,0
1377,0
3338,0
20123,0
9945,0
31815,0
31083,0
10111,0
32909,0
27414,0
29381,0
1218,0
22697,0
28070,0
26000,0
5807,0
32317,0
33054,0
4673,0
10829,0
26726,0
1217,0
5540,0
22850,0
32372,0
10546,0
34128,0
20587,0
23796,0
27838,0
31670,0
4469,0
25706,0
23681,0
766,0
32322,0
9258,0
31769,0
11513,0
4813,0
8174,0
17229,0
980,0
12809,0
24600,0
25666,0
8484,0
27677,0
32472,0
1087,0
14258,0
18090,0
27795,0
28800,0
24703,0
26227,0
21592,0
808,0
10671,0
17645,0
15199,0
33059,0
15623,0
14755,0
20420,0
18640,0
10450,0
32816,0
20502,0
15649,0
22815,0
29814,0
13802,0
8117,0
31343,0
17781,0
30191,0
18958,0
12673,0
30208,0
3861,0
9927,0
1358,0
15594,0
24037,0
3703,0
22186,0
27466,0
14788,0
13469,0
5513,0
15178,0
19202,0
25467,0
1389,0
2441,0
29382,0
9854,0
22371,0
1480,0
30545,0
838,0
28905,0
22027,0
29202,0
7165,0
32875,0
18056,0
8330,0
19516,0
4064,0
24073,0
28643,0
27547,0
7072,0
15052,0
8753,0
7672,0
28452,0
28649,0
2627,0
23149,0
29789,0
24949,0
12435,0
24799,0
19568,0
17493,0
29008,0
18095,0
31653,0
30514,0
10440,0
21404,0
33890,0
34187,0
30608,0
11589,0
19101,0
22071,0
22221,0
15603,0
19998,0
22511,0
26418,0
32093,0
2621,0
34118,0
18435,0
2056,0
31950,0
8324,0
9036,0
15069,0
5042,0
9304,0
29786,0
19938,0
11944,0
5170,0
21327,0
34253,0
8142,0
17022,0
16748,0
13705,0
3259,0
9446,0
3942,0
11156,0
25044,0
20400,0
20202,0
264,0
31342,0
30253,0
7291,0
10583,0
23505,0
17507,0
30891,0
16771,0
22433,0
9646,0
29440,0
24797,0
13255,0
15641,0
13315,0
27115,0
30449,0
28862,0
23451,0
4021,0
13853,0
9248,0
22241,0
31135,0
18884,0
18200,0
14714,0
29922,0
17681,0
16369,0
28193,0
7573,0
16715,0
32460,0
31346,0
10517,0
27079,0
33862,0
32957,0
31927,0
10556,0
7170,0
4951,0
20872,0
3302,0
3964,0
29483,0
8683,0
30320,0
15775,0
22073,0
14849,0
27415,0
12536,0
6421,0
17317,0
9268,0
4801,0
6504,0
16844,0
9884,0
24553,0
15749,0
32015,0
10757,0
20069,0
12556,0
6076,0
25624,0
3978,0
18778,0
3258,0
16163,0
14151,0
6430,0
22420,0
6831,0
21414,0
3595,0
10677,0
33013,0
20744,0
7934,0
169,0
16198,0
20235,0
31000,0
13173,0
3537,0
6941,0
17000,0
30196,0
20349,0
4378,0
25926,0
179,0
22872,0
15926,0
16811,0
7086,0
14008,0
17729,0
8541,0
19009,0
11510,0
33720,0
29099,0
32237,0
25136,0
29783,0
29946,0
1145,0
8491,0
22200,0
307,0
23624,0
23454,0
11558,0
12907,0
33551,0
9908,0
6984,0
25950,0
4684,0
15630,0
3186,0
27014,0
24368,0
29509,0
1184,0
30759,0
3089,0
19596,0
32828,0
22473,0
24630,0
8799,0
29576,0
33147,0
16638,0
33240,0
14505,0
12511,0
1203,0
31917,0
13424,0
9228,0
2345,0
32370,0
11272,0
8027,0
24301,0
17754,0
13248,0
25080,0
1617,0
13805,0
22443,0
5258,0
12490,0
25130,0
1044,0
15574,0
11318,0
32443,0
26746,0
26598,0
18796,0
2885,0
11076,0
30639,0
27038,0
10988,0
23578,0
11947,0
14967,0
28292,0
28007,0
28434,0
13349,0
26481,0
25229,0
24947,0
18130,0
11564,0
18120,0
7741,0
14226,0
27282,0
10478,0
15660,0
6745,0
26056,0
14717,0
18925,0
550,0
18072,0
29886,0
1858,0
29628,0
29472,0
15742,0
21143,0
18074,0
2663,0
15059,0
13932,0
8040,0
4751,0
3743,0
32549,0
10057,0
9275,0
28555,0
26065,0
29933,0
10398,0
5986,0
4850,0
12646,0
21368,0
16468,0
30881,0
27854,0
33155,0
32996,0
6942,0
12656,0
6838,0
29233,0
18225,0
5112,0
12843,0
24610,0
14984,0
30066,0
30294,0
3056,0
34110,0
25693,0
7090,0
30130,0
29355,0
25232,0
24950,0
21213,0
93,0
12695,0
3153,0
9656,0
6204,0
24962,0
8209,0
1925,0
6217,0
33888,0
33775,0
29582,0
23540,0
29133,0
735,0
8383,0
31895,0
12316,0
548,0
5449,0
15480,0
26412,0
25907,0
12834,0
5599,0
2071,0
11782,0
31818,0
31573,0
25363,0
22028,0
24032,0
16934,0
12339,0
32156,0
12505,0
31398,0
12001,0
32371,0
13437,0
17975,0
25312,0
10374,0
9769,0
20644,0
1868,0
20860,0
1702,0
7388,0
9057,0
414,0
24052,0
25770,0
25082,0
14935,0
2486,0
14803,0
4503,0
27613,0
32088,0
23653,0
31888,0
3935,0
31265,0
25472,0
9397,0
27328,0
1365,0
13808,0
23815,0
15727,0
19708,0
2373,0
26469,0
15365,0
26014,0
30901,0
12182,0
24065,0
26818,0
21332,0
33001,0
1091,0
25147,0
26271,0
28530,0
2983,0
6445,0
22222,0
10894,0
13794,0
27341,0
8494,0
4679,0
6034,0
27546,0
24849,0
2985,0
14643,0
22785,0
10713,0
5243,0
10719,0
888,0
21326,0
30354,0
24242,0
28637,0
17822,0
34076,0
2123,0
9700,0
29511,0
30263,0
21514,0
25035,0
28934,0
27676,0
5778,0
26233,0
32747,0
957,0
5409,0
32247,0
23484,0
13834,0
31789,0
31278,0
10557,0
23101,0
16358,0
20993,0
24967,0
12939,0
27193,0
3849,0
23700,0
4826,0
8579,0
23463,0
4732,0
32167,0
12838,0
30065,0
14061,0
1589,0
6703,0
23757,0
22150,0
20107,0
3795,0
25111,0
31191,0
9389,0
12387,0
23566,0
32076,0
10945,0
825,0
1415,0
7570,0
3498,0
26458,0
23148,0
4137,0
3434,0
5200,0
26966,0
5237,0
30815,0
29847,0
6328,0
25298,0
10638,0
24108,0
19714,0
25977,0
21329,0
12310,0
9142,0
31356,0
18465,0
1596,0
20031,0
2941,0
8595,0
25591,0
19932,0
21469,0
31709,0
21203,0
10467,0
28353,0
9157,0
13418,0
23524,0
5704,0
32818,0
34021,0
16083,0
11437,0
20917,0
5577,0
31465,0
1463,0
17964,0
29006,0
18791,0
14668,0
5987,0
33245,0
29042,0
32058,0
16746,0
24493,0
32447,0
33068,0
30971,0
4862,0
25013,0
1880,0
20331,0
17163,0
31084,0
15007,0
23171,0
28868,0
9,0
9478,0
17105,0
32788,0
12677,0
33987,0
6094,0
21905,0
28629,0
23027,0
11722,0
28724,0
26820,0
14378,0
8497,0
14397,0
15331,0
14563,0
3808,0
15209,0
29246,0
32512,0
20922,0
6931,0
30311,0
23611,0
1146,0
3993,0
8685,0
28372,0
1426,0
14627,0
31184,0
10071,0
25798,0
33454,0
22590,0
16058,0
6105,0
16495,0
2195,0
19273,0
5327,0
20891,0
11432,0
4830,0
32543,0
27275,0
16867,0
17914,0
19061,0
8274,0
29583,0
141,0
3705,0
10512,0
15915,0
28458,0
24399,0
29480,0
32759,0
16916,0
33078,0
24008,0
30380,0
23489,0
1494,0
10386,0
9876,0
2283,0
18512,0
1845,0
1622,0
15524,0
16269,0
10964,0
4383,0
34087,0
17592,0
15064,0
26704,0
13910,0
9983,0
25058,0
16622,0
28949,0
135,0
29670,0
20391,0
33707,0
25789,0
12403,0
16089,0
18170,0
20838,0
20581,0
27934,0
14184,0
22993,0
8786,0
27098,0
6708,0
33845,0
24384,0
7249,0
7331,0
1278,0
31832,0
20586,0
1247,0
16190,0
20240,0
25897,0
20725,0
17752,0
25502,0
21390,0
1400,0
5771,0
12042,0
21971,0
16009,0
21885,0
28457,0
19696,0
13046,0
26937,0
2324,0
32845,0
24441,0
83,0
32127,0
17315,0
4488,0
24135,0
11107,0
1806,0
24053,0
9118,0
30837,0
13716,0
11860,0
753,0
29205,0
31331,0
3000,0
15374,0
14727,0
31510,0
33393,0
10584,0
15824,0
617,0
7560,0
34115,0
109,0
14122,0
4407,0
3701,0
30023,0
21059,0
19314,0
27913,0
9319,0
4595,0
19790,0
2635,0
11186,0
3239,0
21387,0
28504,0
3502,0
19220,0
16956,0
23713,0
29207,0
1570,0
728,0
6911,0
6112,0
1099,0
9315,0
14233,0
32491,0
27855,0
5935,0
4350,0
18079,0
8424,0
26861,0
17675,0
6960,0
4049,0
24327,0
23114,0
3301,0
26320,0
6766,0
3775,0
6139,0
34165,0
16896,0
16281,0
33291,0
4056,0
13707,0
24531,0
22914,0
13731,0
23775,0
16818,0
28132,0
6481,0
8293,0
13574,0
3878,0
31483,0
21361,0
14611,0
16224,0
30074,0
33777,0
10695,0
10410,0
2314,0
10948,0
18295,0
27734,0
12972,0
12563,0
18256,0
24044,0
32876,0
30572,0
7434,0
27489,0
32254,0
23156,0
25364,0
30885,0
10321,0
28100,0
27569,0
21560,0
29710,0
14876,0
6648,0
5691,0
13864,0
29654,0
23045,0
20835,0
14387,0
20577,0
33678,0
5475,0
28785,0
17534,0
8854,0
26133,0
23328,0
30284,0
23608,0
32343,0
31723,0
8583,0
32384,0
4162,0
20323,0
9226,0
28659,0
14556,0
17933,0
5301,0
2844,0
14971,0
31829,0
29974,0
11785,0
18215,0
4834,0
17609,0
28711,0
34265,0
25400,0
24644,0
11514,0
1802,0
2491,0
24069,0
31581,0
30469,0
3419,0
6577,0
3859,0
2918,0
21515,0
7950,0
31049,0
24889,0
21169,0
15733,0
30259,0
8562,0
8032,0
16947,0
8896,0
31350,0
15910,0
3452,0
2875,0
23004,0
1493,0
30037,0
30945,0
4376,0
34036,0
4648,0
32825,0
24873,0
32760,0
5911,0
20479,0
34174,0
20837,0
15570,0
14276,0
17945,0
8028,0
19198,0
27933,0
7835,0
13788,0
29467,0
22779,0
33184,0
29097,0
21196,0
16322,0
30841,0
4001,0
17805,0
6642,0
2154,0
12313,0
2764,0
15518,0
12363,0
23774,0
20807,0
24825,0
29566,0
2076,0
10991,0
14492,0
27108,0
31227,0
13273,0
32555,0
18208,0
29772,0
22771,0
14570,0
34152,0
26789,0
30999,0
9368,0
24042,0
20371,0
15892,0
26653,0
2617,0
11118,0
16184,0
23822,0
15785,0
21449,0
32745,0
14350,0
15449,0
33006,0
22110,0
28870,0
16749,0
30229,0
21676,0
857,0
32031,0
26112,0
23517,0
12772,0
12120,0
9280,0
11251,0
16339,0
31902,0
694,0
33855,0
25994,0
20902,0
316,0
1753,0
30982,0
24421,0
1485,0
31316,0
28056,0
32119,0
28782,0
34259,0
28266,0
18560,0
24129,0
1244,0
7961,0
17306,0
13279,0
12381,0
24197,0
33148,0
32516,0
23777,0
2550,0
20585,0
16130,0
17618,0
29253,0
2649,0
14647,0
4009,0
32869,0
20362,0
6113,0
7671,0
9343,0
22021,0
6635,0
22614,0
3334,0
20154,0
28969,0
7445,0
1121,0
30182,0
15851,0
33685,0
10870,0
18077,0
33090,0
11087,0
5444,0
11043,0
15981,0
10920,0
4868,0
19308,0
11110,0
1320,0
12312,0
29142,0
8064,0
19129,0
22761,0
23635,0
25285,0
8660,0
32186,0
18695,0
13411,0
18849,0
6622,0
34191,0
14474,0
33285,0
7076,0
29146,0
12552,0
29131,0
22108,0
5742,0
21454,0
523,0
26981,0
23696,0
9793,0
34052,0
5937,0
14912,0
27381,0
19576,0
12758,0
7488,0
8476,0
32339,0
9613,0
19814,0
31793,0
18949,0
17902,0
8637,0
14523,0
25432,0
2594,0
16821,0
26033,0
3357,0
19553,0
24567,0
21797,0
7295,0
8482,0
15551,0
8551,0
27896,0
6000,0
14716,0
12371,0
26467,0
10428,0
6119,0
11721,0
33528,0
27919,0
9847,0
4149,0
29287,0
22630,0
6681,0
7760,0
7502,0
25949,0
7481,0
28198,0
17281,0
31036,0
12501,0
1720,0
11077,0
12651,0
21581,0
6093,0
25303,0
18275,0
26903,0
22682,0
1746,0
25241,0
19845,0
31536,0
32597,0
33877,0
2810,0
30865,0
10707,0
25858,0
23788,0
22009,0
8437,0
31411,0
15156,0
2888,0
714,0
18650,0
24552,0
34227,0
19504,0
13598,0
2921,0
7232,0
25006,0
9220,0
4274,0
11733,0
20039,0
11777,0
32231,0
31930,0
30653,0
2548,0
14143,0
8831,0
30878,0
6940,0
23390,0
23052,0
6511,0
4603,0
19138,0
28102,0
2754,0
28988,0
27058,0
18347,0
15948,0
880,0
12369,0
938,0
7482,0
21157,0
8733,0
31220,0
22465,0
27971,0
26692,0
22496,0
12112,0
19846,0
26511,0
12324,0
29341,0
17558,0
23358,0
1115,0
13047,0
10041,0
22346,0
3324,0
15340,0
6086,0
29884,0
28195,0
15895,0
24352,0
5201,0
17682,0
20103,0
28938,0
33296,0
19782,0
5992,0
27522,0
33174,0
15055,0
15695,0
8969,0
10994,0
17861,0
20286,0
421,0
3268,0
105,0
18397,0
18823,0
18332,0
4852,0
27639,0
9229,0
20442,0
17239,0
3246,0
33085,0
28254,0
22351,0
28044,0
26202,0
1008,0
19689,0
30576,0
4836,0
26209,0
18630,0
13885,0
13863,0
17761,0
24151,0
11634,0
33479,0
30194,0
9753,0
21009,0
31475,0
27775,0
30455,0
28297,0
22921,0
9986,0
16879,0
9134,0
3732,0
8146,0
16720,0
14262,0
26644,0
22013,0
32948,0
24120,0
17627,0
11441,0
30457,0
27051,0
26815,0
2914,0
15047,0
7682,0
3087,0
9913,0
22799,0
20968,0
18634,0
14985,0
10425,0
43,0
2479,0
22457,0
2242,0
21634,0
29149,0
12237,0
15405,0
23063,0
15875,0
1921,0
15369,0
28748,0
29257,0
7448,0
28866,0
25226,0
33081,0
28824,0
21419,0
4190,0
15580,0
23520,0
6756,0
30612,0
2756,0
25399,0
2381,0
11602,0
29063,0
22560,0
8047,0
28644,0
23748,0
4499,0
22500,0
25141,0
31556,0
1472,0
31958,0
31679,0
29621,0
11719,0
19254,0
25651,0
32708,0
14451,0
21574,0
1675,0
8311,0
22949,0
5176,0
34204,0
20120,0
17703,0
19019,0
23485,0
17553,0
813,0
2089,0
9425,0
27055,0
13413,0
24102,0
71,0
23664,0
24389,0
17357,0
26313,0
10475,0
21116,0
9375,0
28676,0
1836,0
281,0
27375,0
28876,0
15830,0
10854,0
19747,0
4866,0
12275,0
7211,0
20708,0
18378,0
26490,0
18420,0
11518,0
15190,0
19191,0
23911,0
16343,0
19615,0
15988,0
24826,0
29298,0
5387,0
224,0
23884,0
9410,0
28953,0
32090,0
33662,0
16805,0
26825,0
7303,0
9823,0
31218,0
17724,0
5904,0
11628,0
20662,0
27244,0
22628,0
31018,0
17632,0
18893,0
19862,0
3409,0
6616,0
1011,0
22190,0
2997,0
18931,0
25989,0
31304,0
11189,0
29463,0
6687,0
22421,0
33962,0
2752,0
32045,0
2325,0
29678,0
25487,0
3526,0
3850,0
22070,0
16278,0
11948,0
4002,0
26914,0
23586,0
10636,0
11082,0
17277,0
13368,0
22966,0
29882,0
33925,0
14779,0
1049,0
2328,0
23806,0
22135,0
24110,0
4424,0
1613,0
8046,0
29199,0
31162,0
27089,0
10396,0
12685,0
17411,0
620,0
33287,0
11333,0
13033,0
21000,0
8591,0
28636,0
20589,0
24253,0
15906,0
5899,0
19480,0
5284,0
16091,0
10741,0
5437,0
27747,0
3187,0
18,0
10694,0
5465,0
1922,0
16354,0
1706,0
32182,0
15966,0
33153,0
12062,0
20820,0
2200,0
4199,0
19738,0
9162,0
33711,0
28941,0
929,0
13267,0
26435,0
484,0
20100,0
28561,0
8689,0
26351,0
27960,0
9284,0
15922,0
23590,0
29992,0
9545,0
9514,0
25581,0
10880,0
31807,0
29122,0
28369,0
21180,0
10347,0
12604,0
22905,0
30369,0
9838,0
21475,0
21395,0
10065,0
17245,0
5351,0
132,0
32496,0
6205,0
16873,0
8851,0
11631,0
1841,0
21025,0
23285,0
16434,0
30221,0
15432,0
9798,0
11533,0
29897,0
12267,0
29058,0
34225,0
16915,0
12495,0
12878,0
32506,0
28670,0
2961,0
19680,0
3931,0
21831,0
23439,0
7437,0
12442,0
31961,0
20190,0
34035,0
305,0
3924,0
6030,0
24193,0
25797,0
21020,0
34258,0
5768,0
23978,0
24732,0
3233,0
20490,0
33379,0
1362,0
31726,0
27762,0
26312,0
4428,0
14223,0
285,0
8647,0
6653,0
15171,0
27749,0
9674,0
10134,0
8537,0
20317,0
9014,0
25384,0
17473,0
26116,0
19084,0
8785,0
28476,0
18186,0
6886,0
3858,0
12990,0
13935,0
11833,0
22983,0
11332,0
16298,0
30050,0
11996,0
30028,0
22048,0
24269,0
27520,0
10953,0
14156,0
19929,0
23350,0
27904,0
13200,0
25213,0
11425,0
10070,0
13616,0
24169,0
647,0
23773,0
2629,0
7999,0
22337,0
5233,0
13254,0
10120,0
16057,0
7997,0
29477,0
21401,0
9302,0
21085,0
31236,0
13356,0
23970,0
31869,0
29544,0
13559,0
27743,0
32085,0
8874,0
27103,0
6989,0
34206,0
23533,0
18705,0
21628,0
20534,0
948,0
19593,0
17535,0
11632,0
9524,0
2400,0
23401,0
32462,0
32767,0
906,0
10555,0
23300,0
21982,0
1488,0
19532,0
29851,0
7361,0
29834,0
14711,0
23257,0
7372,0
28069,0
14367,0
24650,0
22066,0
10858,0
30870,0
26555,0
24460,0
5492,0
28523,0
21150,0
6214,0
8697,0
8417,0
32575,0
22187,0
17138,0
7155,0
4177,0
3355,0
8350,0
12037,0
29703,0
9592,0
20746,0
12811,0
22895,0
29692,0
4888,0
7841,0
25691,0
33251,0
18005,0
5051,0
1785,0
7970,0
8432,0
4016,0
3167,0
5319,0
5391,0
11883,0
12174,0
15026,0
13035,0
8875,0
22213,0
20319,0
2068,0
16191,0
14999,0
17121,0
7598,0
32306,0
8188,0
4303,0
32323,0
12018,0
16671,0
12447,0
19226,0
8083,0
32830,0
6700,0
29659,0
22842,0
6665,0
29674,0
15425,0
9960,0
33060,0
14864,0
5611,0
12002,0
2874,0
22475,0
27219,0
30047,0
8378,0
15071,0
2354,0
1916,0
18641,0
28790,0
15175,0
14483,0
28290,0
6761,0
10067,0
20053,0
16939,0
32864,0
16252,0
24833,0
30662,0
12027,0
24611,0
4819,0
31271,0
16812,0
26809,0
22958,0
12805,0
6553,0
9017,0
29315,0
31451,0
7742,0
8955,0
24979,0
2685,0
16905,0
28995,0
18492,0
9759,0
4441,0
17177,0
20628,0
2711,0
23006,0
29055,0
17803,0
29869,0
33904,0
3626,0
17847,0
31329,0
21107,0
5211,0
16466,0
28922,0
18956,0
29997,0
4328,0
25504,0
12142,0
30866,0
9419,0
32170,0
9746,0
19405,0
1381,0
26836,0
14141,0
25547,0
23344,0
1243,0
22988,0
15131,0
24186,0
915,0
27482,0
23181,0
9571,0
5575,0
33425,0
30422,0
24864,0
12191,0
30564,0
25469,0
28385,0
606,0
13588,0
3055,0
11904,0
18611,0
16778,0
23764,0
25439,0
19951,0
16910,0
4020,0
23141,0
3649,0
4521,0
6208,0
26567,0
12937,0
24165,0
20762,0
27378,0
8754,0
13936,0
11848,0
2684,0
28190,0
14934,0
17519,0
27567,0
19455,0
8490,0
20496,0
29745,0
27805,0
14527,0
7431,0
19684,0
32057,0
26137,0
31347,0
25849,0
9781,0
24067,0
22265,0
11496,0
34024,0
30771,0
20988,0
6289,0
14042,0
32204,0
16790,0
3589,0
27884,0
7093,0
5129,0
5682,0
2134,0
25269,0
7351,0
11508,0
17916,0
29845,0
27578,0
30420,0
22491,0
32025,0
8520,0
20928,0
24540,0
3867,0
5025,0
3874,0
21886,0
20297,0
4516,0
25262,0
18272,0
31203,0
31602,0
24863,0
16496,0
22122,0
8539,0
11173,0
27586,0
5268,0
23942,0
1166,0
6979,0
26819,0
21883,0
33778,0
3980,0
7627,0
11983,0
2446,0
2551,0
23739,0
25844,0
33014,0
19136,0
9489,0
22830,0
1268,0
25882,0
19462,0
5796,0
15201,0
30717,0
17562,0
22469,0
18443,0
1927,0
11662,0
14613,0
2073,0
10648,0
19378,0
15460,0
23317,0
34014,0
29565,0
26913,0
32030,0
16090,0
22467,0
17973,0
14210,0
24485,0
26012,0
32355,0
24896,0
2582,0
32177,0
34193,0
8666,0
26599,0
12795,0
34085,0
29612,0
33422,0
14526,0
33112,0
26329,0
3046,0
33021,0
20280,0
1684,0
27102,0
7701,0
4767,0
12322,0
13521,0
22930,0
27672,0
23637,0
23491,0
28973,0
8353,0
32872,0
32936,0
8020,0
33996,0
30496,0
13921,0
9141,0
32684,0
5238,0
12455,0
10538,0
22026,0
7138,0
1740,0
25011,0
15261,0
6971,0
18803,0
8007,0
25125,0
14375,0
9775,0
2799,0
7615,0
30839,0
1428,0
14332,0
510,0
33053,0
15065,0
190,0
28716,0
23162,0
12077,0
32179,0
17601,0
31874,0
33957,0
9616,0
13385,0
2732,0
33485,0
19356,0
11674,0
4276,0
28635,0
24431,0
16287,0
4078,0
20682,0
19083,0
26550,0
10760,0
33190,0
13342,0
11526,0
20601,0
6186,0
3738,0
4286,0
15181,0
6225,0
2276,0
10705,0
16626,0
27572,0
28873,0
20997,0
25535,0
32892,0
5924,0
2702,0
30466,0
5993,0
13818,0
4986,0
1580,0
11757,0
16085,0
17326,0
20700,0
32594,0
24518,0
33885,0
29779,0
33742,0
25815,0
29284,0
4431,0
2815,0
21748,0
23062,0
12521,0
33495,0
11954,0
6091,0
32637,0
7562,0
15333,0
7910,0
26987,0
30585,0
33172,0
19758,0
20826,0
27345,0
7204,0
23845,0
8933,0
8861,0
22639,0
16654,0
10808,0
4038,0
24805,0
12620,0
8300,0
19369,0
8805,0
32675,0
8807,0
8148,0
32954,0
5616,0
4349,0
8339,0
21525,0
11599,0
14829,0
1271,0
20136,0
31093,0
12719,0
22414,0
34044,0
14550,0
9540,0
1290,0
25135,0
24228,0
10987,0
2505,0
30843,0
4564,0
9605,0
31699,0
33713,0
24778,0
5151,0
14591,0
16321,0
9093,0
27276,0
4899,0
31878,0
25396,0
23109,0
1686,0
29683,0
14118,0
28513,0
3606,0
14247,0
13926,0
19934,0
13729,0
5522,0
31373,0
17067,0
5886,0
2115,0
12568,0
24426,0
10441,0
5649,0
14850,0
10108,0
16286,0
28515,0
33399,0
7102,0
15367,0
12181,0
22441,0
24760,0
11104,0
8001,0
4377,0
2000,0
17116,0
18724,0
13216,0
1757,0
20241,0
26683,0
862,0
33931,0
7276,0
21798,0
28666,0
22234,0
7495,0
25830,0
30087,0
14092,0
2499,0
25865,0
31434,0
4012,0
26459,0
1865,0
19343,0
2994,0
1147,0
22103,0
9709,0
4498,0
12942,0
27430,0
2366,0
14658,0
29829,0
9594,0
20848,0
30333,0
22681,0
33663,0
14093,0
19531,0
26592,0
22571,0
17424,0
10164,0
1498,0
8268,0
22472,0
23643,0
23769,0
27740,0
7398,0
15914,0
5407,0
6790,0
20127,0
17102,0
33026,0
13972,0
16346,0
19843,0
24009,0
7554,0
27956,0
2990,0
8478,0
4777,0
18967,0
1677,0
12144,0
10014,0
6707,0
34245,0
4843,0
26879,0
30524,0
22096,0
3902,0
34055,0
25854,0
22439,0
4874,0
14954,0
23286,0
4058,0
